frame_number,track_id,label,center_x,center_y,bbox
1,1,car,121,481,"[54, 420, 134, 123]"
1,2,car,193,385,"[136, 342, 115, 86]"
1,3,car,367,359,"[314, 319, 107, 81]"
1,4,car,246,219,"[211, 189, 70, 60]"
1,5,car,818,34,"[798, 19, 40, 30]"
1,6,car,462,88,"[439, 68, 46, 40]"
1,7,car,1081,280,"[1041, 242, 80, 76]"
1,8,car,451,114,"[424, 91, 54, 46]"
1,9,car,292,190,"[263, 166, 58, 49]"
1,10,car,830,202,"[796, 170, 69, 64]"
1,11,car,360,274,"[318, 240, 85, 68]"
1,12,bus,150,290,"[77, 189, 146, 202]"
1,13,car,979,54,"[957, 37, 44, 34]"
1,14,car,894,141,"[863, 117, 62, 48]"
1,15,car,940,122,"[913, 99, 55, 46]"
1,16,car,906,14,"[888, 1, 36, 27]"
1,17,car,1065,52,"[1045, 34, 41, 36]"
1,18,truck,38,211,"[0, 108, 77, 206]"
1,19,car,941,76,"[918, 59, 46, 34]"
1,20,car,322,167,"[293, 143, 59, 48]"
1,21,car,375,232,"[336, 203, 78, 59]"
1,22,bus,38,212,"[0, 108, 77, 208]"
1,23,car,561,67,"[538, 48, 46, 38]"
2,1,car,120,479,"[54, 418, 133, 122]"
2,2,car,193,385,"[136, 342, 115, 86]"
2,3,car,365,358,"[311, 317, 109, 82]"
2,4,car,246,218,"[212, 188, 69, 60]"
2,5,car,819,34,"[799, 18, 41, 32]"
2,6,car,464,87,"[441, 67, 46, 40]"
2,7,car,1081,281,"[1041, 243, 81, 76]"
2,8,car,451,113,"[425, 90, 53, 46]"
2,9,car,293,189,"[264, 165, 58, 49]"
2,10,car,830,202,"[796, 170, 69, 65]"
2,11,car,360,273,"[318, 240, 84, 66]"
2,12,bus,150,289,"[77, 188, 146, 202]"
2,13,car,978,53,"[956, 36, 44, 35]"
2,14,car,894,141,"[863, 117, 62, 49]"
2,15,car,940,122,"[913, 99, 54, 46]"
2,16,car,907,14,"[890, 1, 35, 27]"
2,17,car,1064,53,"[1044, 35, 41, 36]"
2,18,truck,38,211,"[0, 107, 77, 208]"
2,19,car,939,75,"[916, 58, 47, 35]"
2,20,car,323,167,"[293, 143, 60, 48]"
2,21,car,374,231,"[335, 201, 79, 61]"
2,22,bus,38,211,"[0, 107, 77, 209]"
2,23,car,562,66,"[539, 47, 47, 39]"
3,1,car,120,477,"[56, 418, 129, 119]"
3,2,car,193,384,"[136, 341, 115, 86]"
3,3,car,365,358,"[313, 319, 104, 78]"
3,4,car,246,217,"[212, 188, 69, 59]"
3,5,car,820,34,"[798, 18, 44, 33]"
3,6,car,465,87,"[442, 67, 46, 40]"
3,7,car,1083,281,"[1043, 243, 81, 77]"
3,8,car,452,112,"[426, 90, 53, 45]"
3,9,car,293,189,"[265, 165, 57, 48]"
3,10,car,830,202,"[796, 170, 69, 65]"
3,11,car,359,272,"[317, 239, 84, 66]"
3,12,bus,150,288,"[77, 188, 146, 201]"
3,13,car,976,53,"[954, 36, 45, 35]"
3,14,car,893,142,"[863, 118, 61, 48]"
3,15,car,939,122,"[912, 100, 55, 45]"
3,16,car,908,14,"[891, 1, 35, 26]"
3,17,car,1062,52,"[1042, 35, 41, 35]"
3,18,truck,38,211,"[0, 107, 77, 208]"
3,19,car,936,75,"[913, 58, 47, 35]"
3,20,car,323,166,"[294, 143, 59, 47]"
3,21,car,374,230,"[334, 199, 81, 62]"
3,22,bus,39,211,"[0, 107, 78, 209]"
3,23,car,563,66,"[540, 47, 46, 39]"
4,1,car,120,475,"[55, 416, 130, 118]"
4,2,car,195,382,"[137, 339, 116, 87]"
4,3,car,364,356,"[310, 315, 109, 82]"
4,4,car,248,216,"[214, 187, 69, 59]"
4,5,car,821,34,"[799, 18, 44, 33]"
4,6,car,466,87,"[443, 67, 46, 40]"
4,7,car,1084,283,"[1044, 244, 81, 78]"
4,8,car,453,112,"[427, 90, 53, 45]"
4,9,car,295,188,"[266, 164, 58, 48]"
4,10,car,831,204,"[797, 172, 69, 64]"
4,11,car,360,271,"[319, 238, 82, 66]"
4,12,bus,151,288,"[78, 188, 146, 201]"
4,13,car,975,55,"[954, 38, 43, 34]"
4,14,car,893,143,"[863, 119, 61, 48]"
4,15,car,939,123,"[912, 100, 55, 46]"
4,16,car,910,13,"[893, 0, 35, 27]"
4,17,car,1061,53,"[1041, 36, 40, 35]"
4,18,truck,39,210,"[0, 106, 78, 209]"
4,19,car,935,76,"[912, 59, 46, 34]"
4,20,car,325,166,"[296, 143, 58, 47]"
4,21,car,375,228,"[335, 197, 80, 62]"
4,23,car,564,66,"[541, 47, 46, 38]"
5,1,car,120,472,"[57, 415, 126, 115]"
5,2,car,195,380,"[138, 337, 115, 87]"
5,3,car,364,354,"[309, 312, 111, 85]"
5,4,car,249,216,"[215, 187, 69, 58]"
5,5,car,823,34,"[802, 18, 43, 33]"
5,6,car,468,86,"[445, 67, 46, 39]"
5,7,car,1086,284,"[1047, 246, 79, 76]"
5,8,car,455,113,"[429, 91, 53, 44]"
5,9,car,296,187,"[268, 163, 57, 48]"
5,10,car,832,204,"[798, 172, 69, 65]"
5,11,car,361,270,"[320, 238, 82, 64]"
5,12,bus,152,288,"[80, 188, 145, 200]"
5,13,car,975,55,"[954, 39, 43, 33]"
5,14,car,894,143,"[863, 119, 62, 49]"
5,15,car,940,123,"[912, 100, 56, 47]"
5,16,car,911,13,"[894, 0, 34, 26]"
5,17,car,1061,54,"[1041, 37, 40, 34]"
5,18,truck,39,210,"[0, 106, 78, 208]"
5,19,car,934,76,"[912, 60, 45, 33]"
5,20,car,326,166,"[297, 143, 58, 46]"
5,21,car,376,226,"[336, 196, 80, 61]"
5,23,car,566,66,"[543, 47, 46, 38]"
5,26,car,1103,284,"[1050, 246, 106, 77]"
6,1,car,119,470,"[56, 412, 127, 116]"
6,2,car,196,379,"[139, 336, 115, 86]"
6,3,car,364,353,"[309, 311, 111, 85]"
6,4,car,249,215,"[216, 187, 67, 57]"
6,5,car,825,34,"[804, 18, 42, 32]"
6,6,car,469,86,"[447, 67, 45, 39]"
6,7,car,1087,285,"[1048, 247, 78, 76]"
6,8,car,457,113,"[431, 91, 52, 44]"
6,9,car,298,186,"[269, 162, 58, 49]"
6,10,car,834,206,"[800, 174, 68, 64]"
6,11,car,361,269,"[321, 237, 81, 64]"
6,12,bus,153,287,"[81, 187, 145, 200]"
6,13,car,974,56,"[953, 40, 42, 33]"
6,14,car,895,144,"[864, 120, 62, 49]"
6,15,car,940,124,"[913, 101, 55, 46]"
6,16,car,912,13,"[895, 0, 34, 26]"
6,17,car,1060,55,"[1041, 38, 39, 34]"
6,18,truck,39,209,"[1, 106, 77, 206]"
6,19,car,934,77,"[912, 61, 45, 32]"
6,20,car,328,165,"[300, 142, 57, 47]"
6,21,car,376,226,"[336, 195, 81, 62]"
6,23,car,567,66,"[544, 47, 46, 38]"
6,26,car,1105,285,"[1053, 247, 105, 77]"
7,1,car,119,465,"[53, 405, 132, 121]"
7,2,car,197,377,"[142, 335, 111, 84]"
7,3,car,364,352,"[309, 310, 110, 84]"
7,4,car,251,215,"[218, 187, 66, 56]"
7,5,car,826,33,"[806, 18, 41, 31]"
7,6,car,471,86,"[449, 67, 44, 38]"
7,8,car,458,113,"[433, 91, 51, 44]"
7,9,car,299,186,"[270, 161, 59, 50]"
7,10,car,834,206,"[800, 175, 69, 63]"
7,11,car,362,268,"[322, 237, 80, 63]"
7,12,bus,154,285,"[82, 186, 145, 199]"
7,13,car,973,58,"[952, 41, 43, 34]"
7,14,car,895,145,"[865, 121, 61, 49]"
7,15,car,940,125,"[913, 102, 55, 46]"
7,16,car,913,13,"[897, 0, 33, 26]"
7,17,car,1059,55,"[1040, 38, 39, 34]"
7,18,truck,39,208,"[1, 106, 77, 205]"
7,19,car,934,77,"[911, 61, 46, 33]"
7,20,car,330,164,"[302, 142, 57, 45]"
7,21,car,376,225,"[336, 194, 81, 62]"
7,23,car,567,67,"[542, 47, 50, 41]"
7,26,car,1107,286,"[1056, 249, 103, 75]"
8,1,car,119,456,"[47, 390, 144, 133]"
8,2,car,197,375,"[143, 334, 109, 83]"
8,3,car,363,350,"[310, 309, 107, 82]"
8,4,car,252,213,"[218, 184, 68, 59]"
8,5,car,827,33,"[807, 18, 41, 31]"
8,6,car,473,86,"[450, 67, 46, 39]"
8,8,car,460,112,"[433, 90, 54, 45]"
8,9,car,300,185,"[271, 160, 59, 50]"
8,10,car,835,207,"[801, 175, 68, 64]"
8,11,car,361,267,"[320, 235, 82, 64]"
8,12,bus,154,283,"[83, 185, 143, 196]"
8,13,car,971,58,"[950, 41, 43, 34]"
8,14,car,896,146,"[866, 122, 60, 48]"
8,15,car,940,125,"[913, 102, 55, 47]"
8,16,car,915,12,"[899, 0, 33, 25]"
8,17,car,1058,54,"[1038, 37, 41, 35]"
8,18,truck,39,207,"[1, 105, 77, 205]"
8,19,car,934,77,"[911, 61, 46, 33]"
8,20,car,331,163,"[303, 141, 57, 45]"
8,21,car,378,224,"[340, 194, 77, 60]"
8,23,car,566,70,"[538, 47, 56, 46]"
8,26,car,1110,288,"[1059, 251, 102, 74]"
9,1,car,118,452,"[46, 384, 145, 136]"
9,2,car,198,374,"[143, 333, 110, 82]"
9,3,car,363,347,"[310, 307, 106, 80]"
9,4,car,253,212,"[219, 183, 68, 59]"
9,5,car,830,33,"[810, 18, 41, 30]"
9,6,car,474,85,"[451, 66, 46, 39]"
9,8,car,461,111,"[435, 89, 53, 45]"
9,9,car,301,185,"[272, 160, 59, 50]"
9,10,car,836,208,"[801, 176, 70, 64]"
9,11,car,361,265,"[319, 233, 84, 65]"
9,12,bus,154,280,"[84, 184, 141, 193]"
9,13,car,970,57,"[949, 41, 43, 33]"
9,14,car,896,146,"[866, 123, 60, 47]"
9,15,car,939,125,"[912, 102, 55, 47]"
9,16,car,917,12,"[901, 0, 33, 25]"
9,17,car,1057,55,"[1037, 38, 41, 34]"
9,18,truck,39,206,"[1, 104, 77, 205]"
9,19,car,932,78,"[909, 61, 47, 34]"
9,20,car,332,162,"[304, 140, 56, 45]"
9,21,car,379,221,"[342, 193, 75, 57]"
9,23,car,567,72,"[536, 47, 62, 51]"
9,26,car,1112,289,"[1062, 252, 101, 75]"
10,1,car,119,452,"[51, 388, 136, 128]"
10,2,car,198,372,"[143, 331, 110, 83]"
10,3,car,363,345,"[311, 305, 104, 80]"
10,4,car,254,211,"[220, 181, 69, 60]"
10,5,car,832,33,"[812, 18, 40, 30]"
10,6,car,475,85,"[453, 66, 45, 39]"
10,8,car,463,111,"[437, 89, 52, 44]"
10,9,car,302,184,"[273, 160, 58, 49]"
10,10,car,836,208,"[802, 176, 69, 65]"
10,11,car,361,264,"[320, 232, 83, 65]"
10,12,bus,155,278,"[85, 183, 140, 191]"
10,13,car,969,59,"[949, 43, 41, 32]"
10,14,car,897,147,"[867, 124, 60, 47]"
10,15,car,939,126,"[912, 103, 54, 46]"
10,16,car,920,12,"[904, 0, 33, 25]"
10,17,car,1056,55,"[1037, 39, 39, 33]"
10,18,truck,40,206,"[2, 104, 77, 204]"
10,19,car,931,78,"[907, 61, 48, 34]"
10,20,car,333,161,"[304, 139, 58, 45]"
10,21,car,381,222,"[344, 193, 74, 58]"
10,23,car,567,73,"[535, 47, 64, 53]"
10,26,car,1116,292,"[1064, 254, 104, 76]"
10,29,car,564,80,"[542, 59, 45, 42]"
10,30,car,1082,31,"[1060, 17, 45, 29]"
11,1,car,119,453,"[54, 393, 130, 120]"
11,2,car,199,371,"[144, 330, 110, 83]"
11,3,car,363,344,"[312, 305, 103, 78]"
11,4,car,255,209,"[221, 179, 69, 61]"
11,5,car,834,32,"[814, 17, 40, 31]"
11,6,car,477,85,"[455, 66, 45, 38]"
11,8,car,464,110,"[438, 88, 53, 44]"
11,9,car,303,183,"[274, 159, 58, 49]"
11,10,car,837,209,"[802, 177, 71, 65]"
11,11,car,363,263,"[321, 230, 84, 66]"
11,12,truck,157,277,"[87, 182, 140, 191]"
11,13,car,969,60,"[948, 44, 42, 32]"
11,14,car,897,148,"[867, 124, 61, 48]"
11,15,car,939,127,"[912, 104, 54, 46]"
11,16,car,922,12,"[905, 0, 34, 25]"
11,17,car,1056,56,"[1037, 40, 38, 32]"
11,18,truck,40,205,"[2, 103, 77, 205]"
11,19,car,930,78,"[906, 61, 48, 34]"
11,20,car,335,160,"[306, 137, 58, 46]"
11,21,car,382,221,"[346, 193, 72, 56]"
11,23,car,566,76,"[536, 50, 61, 52]"
11,26,car,1119,294,"[1066, 256, 106, 76]"
11,29,car,565,83,"[546, 65, 38, 37]"
11,30,car,1081,31,"[1059, 17, 44, 29]"
11,31,car,468,99,"[439, 76, 59, 47]"
12,1,car,118,448,"[51, 385, 134, 126]"
12,2,car,200,369,"[146, 329, 108, 81]"
12,3,car,363,342,"[312, 303, 102, 78]"
12,4,car,256,208,"[222, 178, 69, 61]"
12,5,car,835,32,"[815, 17, 41, 31]"
12,6,car,478,84,"[455, 65, 46, 39]"
12,8,car,465,109,"[439, 87, 53, 44]"
12,9,car,303,183,"[275, 159, 57, 48]"
12,10,car,837,209,"[802, 177, 71, 65]"
12,11,car,363,261,"[320, 228, 86, 67]"
12,12,truck,157,276,"[88, 181, 139, 190]"
12,13,car,968,60,"[947, 44, 42, 32]"
12,14,car,898,149,"[868, 125, 61, 48]"
12,15,car,939,127,"[912, 104, 54, 47]"
12,16,car,923,12,"[907, 0, 33, 25]"
12,17,car,1055,56,"[1036, 41, 38, 31]"
12,18,truck,42,205,"[3, 103, 78, 205]"
12,19,car,929,78,"[906, 61, 47, 34]"
12,20,car,335,159,"[306, 136, 59, 47]"
12,21,car,383,220,"[347, 193, 72, 55]"
12,26,car,1122,295,"[1069, 256, 106, 78]"
12,29,car,561,86,"[546, 71, 31, 30]"
12,30,car,1080,31,"[1058, 17, 45, 29]"
12,34,bus,157,277,"[86, 182, 143, 191]"
13,1,car,117,442,"[46, 375, 142, 135]"
13,2,car,201,367,"[148, 328, 106, 79]"
13,3,car,363,340,"[313, 302, 100, 77]"
13,4,car,256,208,"[222, 178, 69, 60]"
13,5,car,836,32,"[816, 17, 40, 30]"
13,6,car,478,84,"[456, 65, 45, 39]"
13,8,car,466,108,"[441, 86, 51, 44]"
13,9,car,303,181,"[275, 158, 57, 47]"
13,10,car,838,210,"[802, 177, 73, 67]"
13,11,car,363,259,"[320, 226, 86, 67]"
13,13,car,967,60,"[946, 44, 42, 32]"
13,14,car,898,149,"[868, 125, 61, 49]"
13,15,car,939,128,"[912, 105, 54, 46]"
13,16,car,925,13,"[908, 0, 35, 26]"
13,17,car,1053,56,"[1034, 41, 38, 31]"
13,18,truck,42,205,"[3, 103, 79, 204]"
13,19,car,929,78,"[905, 61, 48, 34]"
13,20,car,336,158,"[307, 135, 59, 47]"
13,21,car,383,219,"[347, 192, 72, 55]"
13,26,car,1124,296,"[1071, 257, 107, 78]"
13,29,car,565,85,"[548, 69, 34, 32]"
13,30,car,1079,31,"[1056, 16, 47, 30]"
14,1,car,116,438,"[44, 368, 145, 140]"
14,2,car,202,365,"[149, 326, 106, 79]"
14,3,car,362,337,"[311, 298, 102, 78]"
14,4,car,257,207,"[223, 177, 68, 60]"
14,5,car,837,31,"[818, 17, 39, 29]"
14,6,car,479,84,"[456, 64, 46, 40]"
14,8,car,467,107,"[442, 86, 51, 43]"
14,9,car,304,181,"[276, 157, 57, 48]"
14,10,car,839,211,"[802, 178, 74, 67]"
14,11,car,363,258,"[321, 225, 84, 66]"
14,13,car,965,60,"[944, 44, 42, 32]"
14,14,car,899,150,"[868, 126, 62, 48]"
14,15,car,938,129,"[912, 106, 53, 46]"
14,16,car,926,13,"[909, 0, 35, 26]"
14,17,car,1052,57,"[1033, 41, 39, 32]"
14,18,truck,42,203,"[3, 102, 79, 203]"
14,19,car,927,78,"[904, 62, 47, 33]"
14,20,car,337,158,"[307, 134, 60, 48]"
14,21,car,383,219,"[347, 191, 73, 56]"
14,26,car,1127,296,"[1073, 257, 109, 79]"
14,29,car,566,85,"[549, 69, 35, 32]"
14,30,car,1077,30,"[1053, 14, 49, 32]"
14,36,bus,43,203,"[0, 101, 86, 205]"
14,37,car,681,700,"[586, 682, 190, 37]"
14,12,bus,157,275,"[87, 179, 141, 192]"
15,1,car,115,438,"[46, 370, 139, 136]"
15,2,car,203,364,"[151, 325, 105, 78]"
15,3,car,361,334,"[311, 296, 101, 77]"
15,4,car,259,207,"[225, 177, 68, 61]"
15,5,car,840,31,"[821, 17, 38, 28]"
15,6,car,480,83,"[458, 64, 45, 38]"
15,8,car,469,107,"[444, 86, 51, 43]"
15,9,car,306,180,"[277, 157, 58, 47]"
15,10,car,839,212,"[802, 178, 75, 69]"
15,11,car,363,256,"[322, 224, 83, 65]"
15,13,car,963,60,"[943, 45, 41, 31]"
15,14,car,899,150,"[869, 126, 61, 49]"
15,15,car,938,130,"[912, 108, 52, 44]"
15,16,car,927,13,"[910, 0, 35, 26]"
15,17,car,1051,57,"[1031, 41, 40, 33]"
15,19,car,926,80,"[903, 64, 46, 32]"
15,20,car,337,157,"[307, 134, 61, 47]"
15,21,car,384,218,"[349, 191, 71, 55]"
15,26,car,1130,298,"[1076, 258, 109, 80]"
15,29,car,567,84,"[549, 68, 36, 33]"
15,30,car,1076,30,"[1052, 14, 49, 33]"
15,37,car,678,697,"[569, 676, 218, 43]"
15,12,bus,158,273,"[88, 178, 141, 190]"
16,1,car,116,436,"[48, 369, 136, 135]"
16,2,car,204,362,"[152, 323, 105, 78]"
16,3,car,361,333,"[311, 295, 101, 77]"
16,4,car,260,207,"[226, 177, 68, 60]"
16,5,car,841,31,"[822, 17, 38, 29]"
16,6,car,483,83,"[460, 64, 46, 39]"
16,8,car,471,107,"[446, 86, 50, 42]"
16,9,car,307,180,"[279, 157, 57, 47]"
16,10,car,841,213,"[803, 179, 76, 69]"
16,11,car,364,255,"[323, 223, 82, 64]"
16,13,car,962,61,"[941, 45, 42, 32]"
16,14,car,900,151,"[869, 127, 62, 49]"
16,15,car,938,131,"[912, 109, 52, 44]"
16,16,car,928,13,"[911, 0, 35, 26]"
16,17,car,1050,58,"[1030, 41, 41, 34]"
16,19,car,925,81,"[903, 65, 45, 32]"
16,20,car,339,156,"[309, 133, 60, 47]"
16,21,car,385,217,"[350, 190, 71, 55]"
16,26,car,1133,299,"[1079, 259, 109, 80]"
16,29,car,569,84,"[551, 68, 36, 33]"
16,30,car,1075,30,"[1051, 13, 49, 34]"
16,37,car,666,694,"[545, 670, 243, 48]"
16,12,bus,159,272,"[90, 178, 139, 188]"
16,18,truck,44,203,"[4, 102, 80, 202]"
17,1,car,116,434,"[49, 368, 134, 133]"
17,2,car,205,360,"[153, 322, 104, 77]"
17,3,car,361,332,"[312, 295, 99, 75]"
17,4,car,260,206,"[227, 176, 67, 61]"
17,5,car,842,32,"[823, 17, 39, 30]"
17,6,car,484,83,"[462, 64, 45, 38]"
17,8,car,473,107,"[448, 86, 50, 43]"
17,9,car,309,180,"[280, 156, 58, 48]"
17,10,car,841,214,"[803, 180, 77, 69]"
17,11,car,364,254,"[323, 222, 82, 64]"
17,13,car,961,61,"[941, 46, 41, 31]"
17,14,car,900,152,"[869, 127, 63, 50]"
17,15,car,937,131,"[912, 110, 51, 43]"
17,16,car,930,12,"[913, 0, 34, 25]"
17,17,car,1051,59,"[1030, 42, 42, 34]"
17,19,car,925,82,"[902, 66, 46, 32]"
17,20,car,340,156,"[310, 133, 60, 46]"
17,21,car,386,215,"[350, 188, 72, 55]"
17,26,car,1137,300,"[1082, 261, 110, 79]"
17,29,car,571,84,"[553, 68, 36, 33]"
17,30,car,1074,30,"[1050, 14, 48, 33]"
17,37,car,656,691,"[526, 665, 261, 52]"
17,12,bus,159,271,"[89, 176, 141, 190]"
17,38,car,758,45,"[734, 24, 48, 43]"
17,18,truck,45,202,"[5, 102, 80, 201]"
18,1,car,115,438,"[56, 380, 119, 117]"
18,2,car,206,359,"[154, 321, 104, 76]"
18,3,car,361,331,"[313, 294, 96, 74]"
18,4,car,261,206,"[228, 176, 66, 60]"
18,5,car,844,32,"[824, 17, 41, 30]"
18,6,car,486,82,"[464, 63, 44, 38]"
18,8,car,473,107,"[448, 86, 51, 42]"
18,9,car,311,179,"[282, 155, 58, 48]"
18,10,car,842,216,"[803, 181, 78, 70]"
18,11,car,364,253,"[324, 221, 81, 64]"
18,13,car,960,62,"[939, 47, 42, 31]"
18,14,car,901,153,"[869, 127, 64, 52]"
18,15,car,937,132,"[912, 110, 51, 44]"
18,16,car,932,12,"[915, 0, 34, 25]"
18,17,car,1049,59,"[1029, 43, 41, 33]"
18,19,car,923,82,"[900, 66, 47, 33]"
18,20,car,341,155,"[311, 132, 61, 47]"
18,21,car,386,213,"[350, 185, 73, 57]"
18,26,car,1139,301,"[1085, 262, 109, 79]"
18,30,car,1072,32,"[1049, 16, 47, 32]"
18,37,car,649,688,"[509, 660, 280, 57]"
18,12,bus,160,269,"[90, 174, 140, 190]"
18,38,car,757,45,"[734, 24, 47, 42]"
18,18,truck,45,201,"[5, 101, 81, 201]"
18,39,bus,45,201,"[0, 100, 91, 203]"
19,1,car,115,438,"[58, 382, 115, 113]"
19,2,car,206,357,"[153, 319, 107, 77]"
19,3,car,360,329,"[312, 292, 97, 74]"
19,4,car,262,205,"[229, 175, 66, 60]"
19,5,car,846,31,"[826, 16, 40, 31]"
19,6,car,487,81,"[466, 63, 42, 37]"
19,8,car,474,107,"[449, 86, 51, 42]"
19,9,car,311,179,"[282, 155, 59, 48]"
19,10,car,843,217,"[804, 182, 79, 70]"
19,11,car,364,252,"[324, 221, 80, 63]"
19,13,car,959,62,"[938, 47, 42, 31]"
19,14,car,901,153,"[870, 128, 63, 51]"
19,15,car,937,132,"[911, 110, 52, 44]"
19,17,car,1049,59,"[1028, 43, 42, 33]"
19,19,car,921,82,"[897, 66, 48, 33]"
19,20,car,342,155,"[312, 131, 61, 48]"
19,21,car,387,213,"[351, 185, 73, 56]"
19,26,car,1143,303,"[1088, 263, 110, 80]"
19,30,car,1071,32,"[1048, 16, 46, 32]"
19,37,car,644,686,"[493, 655, 303, 63]"
19,12,bus,160,267,"[90, 173, 140, 189]"
19,38,car,758,45,"[735, 24, 47, 42]"
20,1,car,116,438,"[59, 383, 114, 110]"
20,2,car,208,357,"[154, 318, 108, 78]"
20,3,car,360,327,"[311, 289, 99, 76]"
20,4,car,263,204,"[231, 175, 65, 59]"
20,5,car,848,31,"[828, 16, 40, 30]"
20,6,car,489,80,"[468, 63, 42, 35]"
20,8,car,475,106,"[450, 85, 51, 42]"
20,9,car,312,178,"[283, 154, 59, 48]"
20,10,car,844,217,"[805, 182, 79, 71]"
20,11,car,364,252,"[325, 221, 79, 62]"
20,13,car,958,62,"[937, 47, 43, 31]"
20,14,car,902,153,"[871, 128, 62, 51]"
20,15,car,937,132,"[911, 110, 52, 44]"
20,17,car,1048,59,"[1028, 43, 41, 33]"
20,19,car,919,82,"[895, 65, 49, 34]"
20,20,car,344,154,"[315, 130, 59, 48]"
20,21,car,389,212,"[353, 184, 72, 57]"
20,26,car,1146,304,"[1091, 265, 110, 79]"
20,30,car,1069,32,"[1047, 16, 45, 33]"
20,37,car,639,683,"[480, 650, 318, 67]"
20,12,bus,161,267,"[92, 173, 139, 188]"
20,38,car,760,45,"[737, 24, 47, 42]"
20,18,truck,46,200,"[5, 99, 83, 202]"
21,1,car,116,430,"[54, 370, 124, 121]"
21,2,car,210,356,"[155, 316, 110, 80]"
21,3,car,361,325,"[311, 288, 100, 75]"
21,4,car,264,204,"[232, 175, 65, 58]"
21,5,car,850,31,"[830, 16, 40, 30]"
21,6,car,491,80,"[470, 63, 42, 35]"
21,8,car,478,105,"[453, 84, 50, 42]"
21,9,car,314,177,"[285, 153, 59, 48]"
21,10,car,845,218,"[806, 182, 79, 72]"
21,11,car,365,251,"[326, 221, 78, 61]"
21,13,car,957,62,"[936, 46, 43, 33]"
21,14,car,903,154,"[872, 129, 62, 50]"
21,15,car,937,132,"[911, 110, 52, 45]"
21,17,car,1047,60,"[1027, 44, 40, 32]"
21,19,car,919,82,"[895, 65, 48, 34]"
21,20,car,346,153,"[317, 130, 59, 47]"
21,21,car,389,211,"[354, 184, 71, 55]"
21,26,car,1150,306,"[1096, 267, 109, 79]"
21,30,car,1068,33,"[1046, 17, 45, 32]"
21,37,car,632,680,"[463, 644, 338, 73]"
21,12,bus,162,265,"[93, 172, 139, 187]"
21,38,car,763,44,"[739, 23, 48, 43]"
21,42,truck,162,266,"[93, 174, 139, 185]"
21,18,truck,47,199,"[5, 98, 85, 202]"
22,1,car,115,424,"[49, 359, 132, 131]"
22,2,car,212,355,"[156, 314, 112, 82]"
22,3,car,361,325,"[312, 288, 98, 74]"
22,4,car,265,203,"[233, 175, 64, 57]"
22,5,car,851,31,"[832, 16, 39, 30]"
22,6,car,493,81,"[472, 63, 42, 36]"
22,8,car,479,104,"[454, 83, 50, 42]"
22,9,car,315,176,"[286, 152, 59, 48]"
22,10,car,847,219,"[807, 183, 80, 72]"
22,11,car,366,250,"[328, 220, 77, 60]"
22,13,car,956,62,"[934, 46, 45, 33]"
22,14,car,903,155,"[873, 130, 61, 50]"
22,15,car,936,133,"[910, 111, 53, 44]"
22,17,car,1045,61,"[1025, 45, 41, 32]"
22,19,car,918,83,"[894, 66, 49, 34]"
22,20,car,348,153,"[319, 130, 58, 47]"
22,21,car,390,210,"[354, 182, 73, 57]"
22,26,car,1153,307,"[1098, 268, 110, 79]"
22,30,car,1066,33,"[1044, 17, 45, 33]"
22,37,car,626,678,"[450, 639, 353, 79]"
22,12,bus,163,264,"[94, 171, 138, 186]"
22,38,car,768,44,"[745, 23, 47, 42]"
22,18,truck,48,199,"[5, 98, 86, 202]"
22,43,car,1171,306,"[1135, 267, 72, 79]"
23,1,car,115,419,"[48, 352, 134, 135]"
23,2,car,213,354,"[157, 313, 113, 82]"
23,3,car,361,324,"[313, 288, 96, 72]"
23,4,car,265,203,"[234, 175, 63, 56]"
23,5,car,852,31,"[833, 16, 39, 30]"
23,6,car,493,80,"[473, 63, 41, 35]"
23,8,car,480,104,"[455, 83, 50, 42]"
23,9,car,316,175,"[287, 151, 58, 48]"
23,10,car,848,219,"[808, 184, 80, 71]"
23,11,car,366,249,"[328, 219, 77, 60]"
23,13,car,955,62,"[934, 46, 43, 33]"
23,14,car,904,155,"[873, 130, 62, 50]"
23,15,car,936,134,"[909, 111, 54, 46]"
23,17,car,1044,61,"[1023, 45, 42, 32]"
23,19,car,918,83,"[894, 67, 48, 33]"
23,20,car,348,153,"[320, 130, 57, 46]"
23,21,car,392,210,"[356, 182, 72, 56]"
23,26,car,1156,308,"[1101, 269, 110, 79]"
23,30,car,1065,34,"[1043, 18, 44, 32]"
23,37,car,622,676,"[444, 635, 356, 83]"
23,12,bus,163,263,"[94, 171, 139, 185]"
23,38,car,771,44,"[748, 23, 46, 42]"
23,18,truck,48,198,"[5, 97, 86, 202]"
23,43,car,1172,308,"[1136, 269, 73, 79]"
24,1,car,114,416,"[49, 351, 130, 131]"
24,2,car,213,353,"[156, 311, 114, 84]"
24,3,car,360,322,"[313, 287, 95, 71]"
24,4,car,265,203,"[234, 175, 63, 56]"
24,5,car,854,31,"[835, 16, 39, 30]"
24,6,car,496,80,"[475, 63, 42, 35]"
24,8,car,480,104,"[455, 83, 51, 42]"
24,9,car,317,174,"[288, 150, 58, 48]"
24,10,car,848,220,"[809, 185, 79, 71]"
24,11,car,367,248,"[328, 218, 78, 60]"
24,13,car,954,63,"[933, 47, 43, 32]"
24,14,car,904,156,"[874, 131, 61, 50]"
24,15,car,935,135,"[908, 112, 54, 46]"
24,17,car,1043,61,"[1023, 46, 41, 31]"
24,19,car,917,84,"[894, 68, 47, 33]"
24,20,car,349,153,"[320, 130, 58, 46]"
24,21,car,393,209,"[357, 181, 72, 57]"
24,26,car,1158,310,"[1103, 270, 111, 80]"
24,30,car,1064,34,"[1042, 19, 44, 31]"
24,37,car,615,673,"[435, 630, 360, 87]"
24,12,bus,163,263,"[94, 170, 138, 186]"
24,38,car,775,44,"[752, 23, 46, 42]"
24,18,truck,48,197,"[5, 97, 87, 201]"
24,44,truck,162,264,"[93, 171, 139, 186]"
25,1,car,114,419,"[55, 359, 119, 120]"
25,2,car,214,351,"[157, 310, 114, 83]"
25,3,car,360,321,"[313, 286, 95, 71]"
25,4,car,265,202,"[234, 174, 63, 56]"
25,5,car,856,31,"[837, 16, 39, 30]"
25,6,car,497,80,"[476, 63, 42, 35]"
25,8,car,482,103,"[457, 82, 51, 43]"
25,9,car,318,173,"[289, 150, 58, 47]"
25,10,car,849,222,"[810, 187, 79, 70]"
25,11,car,367,245,"[328, 215, 78, 61]"
25,13,car,953,63,"[932, 48, 43, 31]"
25,14,car,905,156,"[874, 131, 62, 50]"
25,15,car,935,135,"[908, 112, 54, 46]"
25,17,car,1042,62,"[1022, 46, 41, 32]"
25,19,car,915,85,"[892, 69, 47, 32]"
25,20,car,350,152,"[322, 129, 57, 46]"
25,21,car,393,208,"[358, 180, 71, 57]"
25,26,car,1161,311,"[1105, 272, 112, 79]"
25,30,car,1063,35,"[1041, 19, 44, 32]"
25,37,car,611,672,"[425, 625, 372, 94]"
25,12,bus,164,262,"[96, 170, 137, 185]"
25,18,truck,49,196,"[5, 96, 88, 200]"
25,44,truck,163,264,"[93, 171, 140, 186]"
26,1,car,114,416,"[53, 355, 122, 123]"
26,2,car,216,349,"[161, 309, 110, 81]"
26,3,car,360,320,"[312, 284, 97, 72]"
26,4,car,265,201,"[234, 174, 63, 55]"
26,5,car,857,30,"[839, 16, 37, 28]"
26,6,car,498,80,"[477, 63, 43, 35]"
26,8,car,483,102,"[458, 81, 51, 43]"
26,9,car,318,172,"[290, 149, 57, 47]"
26,10,car,850,222,"[811, 188, 78, 69]"
26,11,car,367,243,"[327, 212, 80, 62]"
26,13,car,953,64,"[931, 48, 44, 32]"
26,14,car,906,156,"[876, 132, 60, 49]"
26,15,car,934,135,"[907, 112, 54, 46]"
26,17,car,1042,61,"[1022, 46, 40, 31]"
26,19,car,914,85,"[891, 69, 47, 32]"
26,20,car,351,151,"[323, 129, 57, 45]"
26,21,car,394,207,"[358, 178, 73, 58]"
26,26,car,1170,312,"[1115, 272, 111, 80]"
26,30,car,1061,34,"[1039, 19, 44, 31]"
26,37,car,605,670,"[420, 621, 371, 98]"
26,12,bus,166,262,"[98, 171, 136, 182]"
26,18,truck,49,194,"[5, 95, 89, 199]"
26,47,car,487,93,"[457, 66, 60, 55]"
27,1,car,115,413,"[53, 350, 124, 127]"
27,2,car,217,347,"[163, 307, 108, 80]"
27,3,car,360,318,"[312, 282, 96, 72]"
27,4,car,265,200,"[234, 173, 63, 54]"
27,5,car,858,30,"[840, 16, 37, 28]"
27,6,car,499,81,"[477, 63, 44, 36]"
27,8,car,485,102,"[460, 81, 50, 42]"
27,9,car,320,173,"[292, 150, 57, 47]"
27,10,car,851,224,"[813, 191, 76, 67]"
27,11,car,367,242,"[328, 211, 79, 62]"
27,13,car,952,64,"[930, 48, 44, 32]"
27,14,car,907,158,"[878, 134, 58, 48]"
27,15,car,933,135,"[906, 112, 55, 47]"
27,17,car,1041,61,"[1021, 46, 40, 31]"
27,19,car,913,85,"[889, 68, 48, 34]"
27,20,car,353,151,"[325, 128, 57, 46]"
27,21,car,396,205,"[361, 177, 71, 57]"
27,26,car,1178,313,"[1123, 273, 110, 80]"
27,30,car,1060,34,"[1038, 19, 44, 31]"
27,37,car,601,668,"[415, 617, 372, 102]"
27,12,bus,166,261,"[98, 170, 136, 182]"
27,18,truck,50,193,"[5, 94, 90, 198]"
27,47,car,491,92,"[460, 63, 62, 58]"
28,1,car,114,412,"[52, 348, 125, 128]"
28,2,car,218,345,"[166, 306, 105, 78]"
28,3,car,360,315,"[312, 279, 96, 73]"
28,4,car,267,198,"[235, 171, 64, 55]"
28,5,car,859,29,"[841, 15, 36, 28]"
28,6,car,499,80,"[477, 62, 44, 37]"
28,8,car,486,102,"[462, 81, 49, 42]"
28,9,car,321,172,"[293, 149, 57, 47]"
28,10,car,851,225,"[813, 192, 77, 67]"
28,11,car,368,240,"[329, 210, 78, 61]"
28,13,car,951,64,"[929, 48, 44, 33]"
28,14,car,908,158,"[879, 135, 58, 47]"
28,15,car,933,135,"[906, 111, 55, 48]"
28,17,car,1040,62,"[1020, 47, 41, 31]"
28,19,car,911,85,"[887, 68, 49, 35]"
28,20,car,354,151,"[326, 128, 57, 46]"
28,21,car,398,204,"[363, 177, 70, 55]"
28,26,car,1182,315,"[1128, 275, 109, 80]"
28,30,car,1059,34,"[1036, 18, 46, 33]"
28,37,car,596,665,"[413, 613, 366, 105]"
28,12,bus,167,259,"[100, 169, 134, 181]"
28,18,truck,50,192,"[5, 93, 90, 198]"
28,47,car,492,92,"[460, 62, 65, 61]"
29,1,car,114,412,"[55, 352, 118, 121]"
29,2,car,219,343,"[167, 305, 105, 77]"
29,3,car,360,314,"[312, 278, 96, 72]"
29,4,car,268,198,"[236, 171, 64, 55]"
29,5,car,861,30,"[843, 16, 36, 28]"
29,6,car,500,80,"[479, 62, 43, 37]"
29,8,car,487,102,"[463, 82, 48, 40]"
29,9,car,321,172,"[293, 149, 57, 47]"
29,10,car,852,226,"[814, 193, 77, 67]"
29,11,car,368,239,"[330, 209, 77, 61]"
29,13,car,949,64,"[927, 48, 44, 33]"
29,14,car,908,159,"[879, 136, 59, 47]"
29,15,car,933,135,"[905, 111, 56, 48]"
29,17,car,1039,62,"[1019, 47, 41, 31]"
29,19,car,910,85,"[886, 68, 49, 35]"
29,20,car,356,151,"[328, 128, 56, 46]"
29,21,car,397,203,"[363, 175, 69, 56]"
29,26,car,1184,316,"[1130, 276, 109, 81]"
29,30,car,1058,33,"[1035, 16, 47, 35]"
29,37,car,591,663,"[406, 608, 370, 110]"
29,12,truck,167,258,"[99, 168, 136, 181]"
29,18,truck,50,192,"[5, 93, 91, 199]"
29,47,car,493,92,"[461, 62, 64, 61]"
29,49,bus,167,258,"[98, 168, 138, 181]"
29,38,car,780,43,"[756, 21, 48, 45]"
30,1,car,113,412,"[55, 352, 117, 120]"
30,2,car,221,341,"[169, 303, 104, 77]"
30,3,car,360,313,"[312, 277, 96, 72]"
30,4,car,268,197,"[236, 170, 65, 55]"
30,5,car,862,29,"[844, 15, 37, 29]"
30,6,car,501,78,"[481, 62, 41, 33]"
30,8,car,488,100,"[463, 79, 50, 43]"
30,9,car,323,171,"[294, 148, 58, 47]"
30,10,car,854,228,"[815, 194, 78, 68]"
30,11,car,369,238,"[331, 209, 76, 59]"
30,13,car,947,65,"[926, 49, 43, 33]"
30,14,car,909,160,"[879, 136, 60, 48]"
30,15,car,933,135,"[906, 112, 55, 47]"
30,17,car,1038,63,"[1017, 47, 42, 32]"
30,19,car,910,85,"[885, 68, 50, 35]"
30,20,car,357,150,"[329, 128, 56, 45]"
30,21,car,398,201,"[364, 173, 69, 56]"
30,26,car,1187,318,"[1133, 278, 109, 81]"
30,30,car,1057,34,"[1035, 18, 45, 33]"
30,37,car,586,660,"[402, 603, 368, 115]"
30,12,bus,167,257,"[100, 167, 134, 180]"
30,18,truck,51,191,"[5, 93, 92, 197]"
30,47,car,493,92,"[461, 62, 64, 61]"
30,50,car,595,67,"[569, 41, 53, 53]"
30,38,car,781,44,"[756, 21, 50, 46]"
31,1,car,113,413,"[59, 358, 109, 111]"
31,2,car,221,340,"[170, 302, 103, 76]"
31,3,car,360,312,"[311, 275, 98, 74]"
31,4,car,270,197,"[238, 170, 65, 54]"
31,5,car,863,29,"[844, 14, 39, 31]"
31,6,car,503,76,"[485, 61, 36, 31]"
31,8,car,490,99,"[465, 78, 50, 43]"
31,9,car,323,171,"[295, 148, 57, 47]"
31,10,car,855,229,"[815, 194, 80, 70]"
31,11,car,369,238,"[331, 208, 77, 60]"
31,13,car,946,66,"[925, 50, 43, 32]"
31,14,car,910,161,"[879, 136, 62, 50]"
31,15,car,933,136,"[905, 112, 56, 48]"
31,17,car,1037,62,"[1016, 46, 43, 33]"
31,19,car,909,86,"[886, 70, 47, 33]"
31,20,car,358,150,"[330, 128, 56, 45]"
31,21,car,399,199,"[364, 172, 70, 55]"
31,26,car,1189,320,"[1134, 279, 111, 83]"
31,30,car,1057,34,"[1035, 18, 45, 33]"
31,37,car,581,658,"[400, 599, 362, 119]"
31,12,bus,168,255,"[102, 167, 132, 177]"
31,18,truck,51,190,"[6, 94, 91, 193]"
31,50,car,596,67,"[570, 41, 53, 53]"
31,38,car,782,43,"[758, 21, 49, 45]"
32,1,car,114,412,"[61, 359, 106, 107]"
32,2,car,222,340,"[172, 303, 101, 74]"
32,3,car,360,310,"[311, 274, 98, 73]"
32,4,car,272,195,"[240, 168, 65, 55]"
32,5,car,863,29,"[844, 14, 38, 30]"
32,6,car,504,73,"[488, 60, 33, 27]"
32,8,car,491,99,"[467, 78, 49, 43]"
32,9,car,324,170,"[296, 147, 57, 47]"
32,10,car,856,230,"[816, 195, 80, 70]"
32,11,car,370,237,"[331, 207, 78, 60]"
32,13,car,946,66,"[925, 51, 43, 31]"
32,14,car,910,161,"[879, 136, 63, 51]"
32,15,car,932,136,"[905, 113, 55, 47]"
32,17,car,1037,63,"[1015, 46, 44, 34]"
32,19,car,909,87,"[886, 71, 46, 32]"
32,20,car,359,150,"[331, 128, 56, 45]"
32,21,car,400,199,"[366, 172, 69, 54]"
32,26,car,1190,322,"[1135, 281, 111, 83]"
32,30,car,1056,34,"[1034, 18, 45, 33]"
32,37,car,575,656,"[395, 594, 361, 124]"
32,12,bus,169,255,"[103, 167, 132, 176]"
32,18,truck,52,190,"[6, 94, 92, 192]"
32,50,car,595,68,"[571, 43, 49, 50]"
32,38,car,782,43,"[758, 21, 48, 44]"
32,52,car,919,151,"[880, 118, 79, 67]"
33,1,car,113,412,"[62, 361, 103, 102]"
33,2,car,224,338,"[173, 301, 102, 75]"
33,3,car,359,309,"[311, 273, 96, 73]"
33,4,car,273,195,"[240, 168, 66, 54]"
33,6,car,505,71,"[491, 60, 29, 23]"
33,8,car,493,99,"[469, 78, 49, 42]"
33,9,car,326,170,"[297, 146, 58, 48]"
33,10,car,856,230,"[816, 195, 81, 71]"
33,11,car,370,236,"[332, 206, 77, 61]"
33,13,car,945,67,"[923, 51, 44, 32]"
33,14,car,911,161,"[880, 136, 63, 51]"
33,15,car,932,137,"[904, 113, 56, 48]"
33,17,car,1036,63,"[1014, 46, 44, 34]"
33,19,car,908,86,"[883, 69, 50, 35]"
33,20,car,360,149,"[332, 127, 57, 45]"
33,21,car,400,199,"[366, 172, 69, 54]"
33,26,car,1192,323,"[1137, 282, 111, 83]"
33,30,car,1055,35,"[1033, 19, 44, 33]"
33,37,car,570,654,"[393, 590, 355, 128]"
33,12,bus,169,254,"[103, 167, 132, 175]"
33,18,truck,52,189,"[6, 94, 93, 191]"
33,38,car,782,43,"[758, 21, 48, 45]"
33,52,car,920,150,"[880, 116, 81, 69]"
34,1,car,112,409,"[60, 357, 105, 105]"
34,2,car,225,337,"[174, 300, 102, 75]"
34,3,car,358,308,"[311, 272, 95, 72]"
34,4,car,274,194,"[242, 167, 65, 55]"
34,6,car,506,72,"[491, 60, 31, 25]"
34,8,car,495,98,"[471, 77, 49, 43]"
34,9,car,327,169,"[298, 146, 58, 47]"
34,10,car,856,232,"[816, 196, 81, 72]"
34,11,car,370,236,"[332, 206, 77, 60]"
34,13,car,943,67,"[922, 51, 43, 32]"
34,14,car,911,162,"[880, 137, 63, 51]"
34,15,car,932,138,"[904, 114, 56, 48]"
34,17,car,1035,63,"[1013, 47, 44, 33]"
34,19,car,905,86,"[878, 67, 54, 39]"
34,20,car,361,149,"[333, 127, 56, 44]"
34,21,car,401,198,"[366, 171, 71, 55]"
34,26,car,1195,325,"[1139, 283, 113, 84]"
34,30,car,1053,35,"[1031, 19, 44, 33]"
34,37,car,566,652,"[391, 586, 350, 132]"
34,12,bus,169,254,"[103, 167, 133, 175]"
34,18,truck,52,189,"[5, 94, 94, 190]"
34,38,car,783,44,"[758, 21, 50, 46]"
34,52,car,920,150,"[879, 115, 83, 70]"
34,57,bus,52,190,"[0, 94, 104, 193]"
34,5,car,869,29,"[849, 13, 41, 33]"
35,1,car,112,404,"[55, 347, 115, 114]"
35,2,car,226,336,"[175, 299, 103, 75]"
35,3,car,358,306,"[311, 271, 94, 71]"
35,4,car,276,194,"[243, 166, 67, 56]"
35,8,car,496,99,"[472, 78, 49, 42]"
35,9,car,328,168,"[300, 145, 57, 47]"
35,10,car,857,232,"[817, 197, 80, 71]"
35,11,car,371,234,"[332, 204, 78, 60]"
35,13,car,942,67,"[921, 51, 43, 32]"
35,14,car,912,163,"[880, 137, 65, 52]"
35,15,car,932,138,"[904, 115, 56, 47]"
35,17,car,1034,64,"[1012, 47, 44, 34]"
35,19,car,904,87,"[876, 67, 56, 40]"
35,20,car,363,149,"[336, 128, 55, 43]"
35,21,car,402,198,"[368, 171, 69, 55]"
35,26,car,1199,326,"[1143, 284, 113, 85]"
35,30,car,1052,36,"[1031, 20, 42, 32]"
35,37,car,561,650,"[392, 584, 338, 133]"
35,12,truck,171,253,"[105, 166, 132, 174]"
35,38,car,784,44,"[759, 21, 50, 46]"
35,52,car,921,151,"[879, 115, 84, 72]"
35,60,car,612,56,"[591, 38, 42, 36]"
35,61,bus,171,252,"[103, 166, 137, 173]"
35,5,car,871,29,"[851, 13, 41, 33]"
36,1,car,112,404,"[56, 348, 113, 112]"
36,2,car,228,335,"[177, 298, 102, 74]"
36,3,car,357,305,"[311, 270, 93, 70]"
36,4,car,278,193,"[245, 166, 66, 55]"
36,8,car,497,99,"[473, 78, 48, 42]"
36,9,car,329,168,"[301, 144, 57, 48]"
36,10,car,859,234,"[819, 198, 81, 72]"
36,11,car,371,233,"[333, 203, 77, 60]"
36,13,car,941,67,"[920, 51, 42, 32]"
36,14,car,913,163,"[881, 137, 65, 53]"
36,15,car,931,138,"[903, 115, 56, 47]"
36,17,car,1033,63,"[1011, 46, 45, 35]"
36,19,car,903,87,"[875, 67, 56, 41]"
36,20,car,365,148,"[338, 127, 54, 42]"
36,21,car,404,197,"[369, 170, 70, 55]"
36,26,car,1203,327,"[1146, 285, 114, 85]"
36,30,car,1051,36,"[1030, 20, 42, 33]"
36,37,car,558,648,"[391, 579, 334, 138]"
36,12,bus,171,251,"[106, 166, 131, 171]"
36,38,car,786,43,"[761, 20, 50, 46]"
36,52,car,921,151,"[879, 115, 85, 72]"
36,60,car,613,56,"[593, 38, 41, 36]"
36,61,truck,171,252,"[104, 166, 135, 172]"
36,5,car,874,29,"[854, 13, 40, 33]"
36,18,truck,53,188,"[6, 94, 94, 189]"
37,1,car,113,403,"[57, 348, 112, 110]"
37,2,car,229,333,"[179, 297, 101, 73]"
37,3,car,357,302,"[311, 267, 93, 71]"
37,4,car,279,192,"[246, 165, 66, 55]"
37,8,car,498,98,"[474, 78, 48, 41]"
37,9,car,331,167,"[302, 144, 58, 47]"
37,10,car,861,235,"[821, 199, 81, 72]"
37,11,car,372,232,"[334, 203, 76, 58]"
37,13,car,940,67,"[919, 52, 42, 31]"
37,14,car,914,164,"[882, 138, 65, 52]"
37,15,car,930,139,"[902, 115, 57, 48]"
37,17,car,1032,63,"[1010, 46, 45, 35]"
37,19,car,902,88,"[875, 68, 55, 40]"
37,20,car,365,147,"[339, 127, 53, 41]"
37,21,car,404,197,"[370, 171, 68, 53]"
37,26,car,1206,329,"[1149, 287, 114, 85]"
37,30,car,1050,37,"[1030, 21, 41, 32]"
37,37,car,553,645,"[389, 574, 329, 142]"
37,38,car,788,41,"[764, 19, 48, 45]"
37,52,car,922,150,"[880, 114, 84, 73]"
37,60,car,617,55,"[597, 37, 41, 36]"
37,18,truck,54,187,"[6, 93, 96, 189]"
37,16,car,960,11,"[945, 0, 31, 22]"
37,47,car,502,94,"[476, 70, 53, 49]"
38,1,car,113,402,"[60, 351, 106, 103]"
38,2,car,231,332,"[181, 296, 100, 72]"
38,3,car,357,300,"[311, 265, 93, 71]"
38,4,car,278,192,"[246, 164, 65, 56]"
38,8,car,500,97,"[476, 76, 49, 43]"
38,9,car,331,166,"[303, 143, 57, 47]"
38,10,car,863,236,"[822, 200, 82, 72]"
38,11,car,373,232,"[335, 203, 76, 58]"
38,13,car,939,67,"[918, 52, 42, 31]"
38,14,car,917,164,"[885, 138, 65, 52]"
38,15,car,927,140,"[896, 114, 62, 52]"
38,17,car,1031,63,"[1009, 46, 45, 35]"
38,19,car,902,88,"[876, 69, 52, 39]"
38,20,car,366,147,"[340, 127, 53, 41]"
38,21,car,404,196,"[370, 170, 68, 53]"
38,26,car,1210,330,"[1153, 288, 114, 85]"
38,37,car,548,641,"[391, 571, 315, 141]"
38,38,car,789,41,"[765, 18, 49, 46]"
38,52,car,922,151,"[880, 115, 85, 73]"
38,60,car,619,55,"[599, 37, 41, 36]"
38,18,truck,55,187,"[6, 93, 98, 189]"
38,47,car,506,94,"[479, 69, 55, 50]"
38,12,bus,172,248,"[106, 162, 132, 172]"
38,5,car,877,29,"[857, 12, 41, 34]"
39,1,car,113,399,"[61, 348, 104, 102]"
39,2,car,232,329,"[182, 293, 101, 73]"
39,3,car,358,298,"[312, 263, 93, 71]"
39,4,car,280,191,"[247, 164, 66, 55]"
39,8,car,500,97,"[477, 77, 47, 41]"
39,9,car,332,166,"[304, 143, 56, 46]"
39,10,car,864,237,"[823, 201, 83, 73]"
39,11,car,374,231,"[336, 202, 76, 58]"
39,13,car,937,68,"[917, 53, 41, 31]"
39,14,car,916,164,"[884, 139, 65, 51]"
39,15,car,929,140,"[899, 115, 60, 50]"
39,17,car,1030,64,"[1008, 47, 45, 35]"
39,19,car,902,90,"[877, 72, 50, 36]"
39,20,car,367,147,"[341, 127, 53, 40]"
39,21,car,406,195,"[371, 168, 70, 55]"
39,26,car,1214,332,"[1156, 289, 116, 86]"
39,37,car,545,638,"[395, 568, 301, 141]"
39,38,car,791,41,"[766, 18, 51, 46]"
39,52,car,922,151,"[880, 115, 85, 73]"
39,60,car,619,54,"[599, 37, 41, 35]"
39,18,truck,57,187,"[7, 92, 100, 191]"
39,12,bus,172,245,"[106, 160, 132, 171]"
39,5,car,879,29,"[859, 12, 41, 34]"
40,1,car,113,399,"[63, 351, 101, 97]"
40,2,car,234,328,"[183, 292, 102, 73]"
40,3,car,358,298,"[312, 263, 92, 71]"
40,4,car,281,190,"[249, 163, 65, 55]"
40,8,car,500,97,"[477, 77, 47, 41]"
40,9,car,332,166,"[304, 143, 57, 46]"
40,10,car,866,238,"[825, 202, 82, 72]"
40,11,car,374,230,"[336, 201, 77, 59]"
40,13,car,937,69,"[916, 54, 42, 30]"
40,14,car,915,165,"[883, 139, 65, 52]"
40,15,car,930,139,"[901, 115, 59, 49]"
40,17,car,1029,65,"[1006, 48, 46, 35]"
40,19,car,901,91,"[877, 74, 48, 35]"
40,20,car,369,146,"[342, 125, 54, 42]"
40,21,car,406,195,"[372, 168, 69, 54]"
40,26,car,1218,333,"[1159, 290, 118, 87]"
40,37,car,541,635,"[393, 563, 296, 144]"
40,38,car,793,41,"[768, 18, 50, 46]"
40,52,car,922,152,"[880, 115, 85, 75]"
40,60,car,619,54,"[598, 36, 43, 37]"
40,18,truck,57,187,"[6, 91, 102, 192]"
40,12,bus,174,243,"[109, 159, 131, 169]"
40,5,car,881,29,"[861, 12, 41, 34]"
40,47,car,504,93,"[477, 68, 54, 50]"
41,1,car,114,395,"[62, 345, 105, 101]"
41,2,car,235,328,"[184, 291, 102, 74]"
41,3,car,358,298,"[312, 263, 92, 70]"
41,4,car,282,190,"[251, 163, 63, 54]"
41,8,car,501,97,"[478, 76, 46, 42]"
41,9,car,334,165,"[306, 142, 56, 46]"
41,10,car,867,238,"[826, 202, 82, 72]"
41,11,car,375,229,"[337, 200, 76, 58]"
41,13,car,936,70,"[916, 55, 41, 30]"
41,14,car,916,166,"[883, 140, 67, 52]"
41,15,car,931,140,"[901, 115, 60, 50]"
41,17,car,1029,65,"[1006, 48, 46, 35]"
41,19,car,901,92,"[877, 75, 48, 34]"
41,20,car,370,146,"[343, 125, 54, 42]"
41,21,car,407,195,"[374, 169, 67, 53]"
41,26,car,1220,335,"[1161, 292, 118, 87]"
41,37,car,537,630,"[395, 559, 285, 143]"
41,38,car,796,41,"[771, 18, 50, 46]"
41,52,car,922,154,"[878, 115, 88, 78]"
41,60,car,620,55,"[598, 36, 44, 38]"
41,18,truck,58,187,"[6, 90, 104, 194]"
41,12,bus,176,242,"[111, 158, 131, 169]"
41,47,car,504,92,"[477, 66, 55, 52]"
42,1,car,115,396,"[64, 348, 102, 97]"
42,2,car,236,327,"[185, 290, 103, 74]"
42,3,car,358,297,"[312, 262, 93, 70]"
42,4,car,282,189,"[251, 163, 63, 53]"
42,9,car,335,165,"[307, 142, 56, 46]"
42,10,car,868,239,"[826, 203, 84, 73]"
42,11,car,376,227,"[338, 198, 77, 59]"
42,13,car,935,70,"[914, 55, 42, 31]"
42,14,car,916,166,"[883, 140, 67, 53]"
42,15,car,933,137,"[906, 115, 54, 45]"
42,17,car,1028,66,"[1006, 48, 45, 36]"
42,19,car,900,93,"[876, 76, 48, 34]"
42,20,car,371,145,"[344, 124, 55, 42]"
42,21,car,408,194,"[374, 167, 68, 54]"
42,26,car,1221,337,"[1163, 294, 117, 86]"
42,37,car,533,626,"[396, 555, 274, 143]"
42,38,car,797,40,"[773, 18, 49, 45]"
42,60,car,620,56,"[596, 35, 48, 42]"
42,18,truck,58,186,"[6, 90, 105, 193]"
42,12,bus,178,242,"[112, 158, 132, 169]"
43,1,car,115,396,"[64, 348, 103, 97]"
43,2,car,237,325,"[186, 289, 102, 73]"
43,3,car,359,295,"[313, 260, 92, 70]"
43,4,car,283,188,"[252, 162, 63, 53]"
43,9,car,336,164,"[308, 141, 57, 47]"
43,10,car,869,240,"[827, 204, 84, 73]"
43,11,car,377,226,"[338, 196, 78, 60]"
43,13,car,933,70,"[912, 55, 43, 31]"
43,14,car,917,167,"[882, 140, 70, 54]"
43,15,car,932,140,"[903, 116, 58, 48]"
43,17,car,1027,65,"[1005, 48, 45, 35]"
43,19,car,899,93,"[876, 77, 46, 33]"
43,20,car,373,144,"[345, 123, 56, 43]"
43,21,car,408,194,"[375, 168, 67, 53]"
43,26,car,1223,338,"[1166, 295, 114, 86]"
43,37,car,529,622,"[399, 552, 260, 140]"
43,38,car,799,39,"[775, 18, 48, 43]"
43,60,car,621,55,"[598, 35, 47, 41]"
43,18,truck,59,186,"[6, 90, 106, 192]"
43,12,bus,178,241,"[113, 158, 131, 167]"
43,68,truck,177,242,"[108, 158, 139, 169]"
43,5,car,886,28,"[868, 13, 37, 30]"
43,52,car,922,156,"[878, 116, 89, 80]"
44,1,car,115,395,"[64, 347, 103, 97]"
44,2,car,238,324,"[187, 288, 102, 73]"
44,3,car,359,293,"[313, 258, 92, 71]"
44,4,car,284,188,"[253, 161, 63, 54]"
44,9,car,338,164,"[310, 142, 56, 45]"
44,10,car,870,242,"[828, 206, 84, 72]"
44,11,car,378,224,"[339, 194, 78, 60]"
44,13,car,932,71,"[911, 55, 43, 32]"
44,14,car,917,167,"[882, 140, 71, 55]"
44,17,car,1026,66,"[1004, 49, 45, 35]"
44,19,car,897,94,"[874, 77, 47, 34]"
44,20,car,374,143,"[346, 122, 56, 43]"
44,21,car,410,192,"[375, 165, 70, 55]"
44,26,car,1224,340,"[1168, 297, 112, 86]"
44,37,car,525,619,"[400, 550, 251, 139]"
44,38,car,800,39,"[777, 18, 47, 42]"
44,60,car,622,55,"[598, 35, 48, 40]"
44,18,truck,59,185,"[5, 89, 108, 193]"
44,5,car,887,27,"[869, 12, 37, 31]"
45,1,car,115,385,"[55, 329, 120, 113]"
45,2,car,240,323,"[189, 287, 102, 73]"
45,3,car,358,293,"[313, 258, 91, 70]"
45,4,car,285,187,"[254, 160, 63, 54]"
45,9,car,339,163,"[312, 141, 54, 44]"
45,10,car,872,242,"[830, 206, 84, 73]"
45,11,car,378,224,"[340, 194, 77, 60]"
45,13,car,931,71,"[910, 55, 43, 32]"
45,14,car,918,168,"[882, 140, 72, 56]"
45,17,car,1025,66,"[1003, 49, 45, 35]"
45,19,car,896,94,"[873, 78, 47, 33]"
45,20,car,376,143,"[348, 122, 56, 43]"
45,21,car,410,190,"[376, 163, 69, 55]"
45,26,car,1225,341,"[1170, 298, 110, 87]"
45,37,car,521,614,"[400, 545, 243, 139]"
45,38,car,801,39,"[778, 18, 47, 42]"
45,60,car,623,55,"[599, 34, 49, 42]"
45,18,truck,60,184,"[6, 89, 108, 191]"
45,5,car,888,27,"[869, 12, 38, 31]"
45,71,car,933,130,"[904, 116, 58, 29]"
45,47,car,517,90,"[489, 64, 56, 52]"
45,15,car,931,140,"[904, 117, 55, 46]"
45,12,bus,179,239,"[114, 157, 130, 165]"
46,1,car,115,382,"[53, 323, 124, 118]"
46,2,car,241,322,"[190, 285, 103, 74]"
46,3,car,358,292,"[313, 257, 91, 70]"
46,4,car,287,187,"[255, 160, 64, 54]"
46,9,car,339,163,"[313, 142, 53, 42]"
46,10,car,874,244,"[832, 208, 84, 73]"
46,11,car,378,223,"[340, 193, 77, 60]"
46,13,car,930,71,"[909, 55, 43, 32]"
46,14,car,918,169,"[882, 141, 73, 56]"
46,17,car,1024,67,"[1002, 50, 44, 35]"
46,19,car,895,94,"[872, 78, 47, 33]"
46,21,car,411,189,"[377, 162, 69, 55]"
46,26,car,1226,342,"[1172, 299, 108, 87]"
46,37,car,518,610,"[401, 541, 235, 138]"
46,38,car,803,39,"[780, 19, 46, 41]"
46,60,car,627,53,"[604, 34, 46, 39]"
46,18,truck,60,184,"[6, 89, 109, 190]"
46,5,car,889,27,"[870, 11, 39, 32]"
46,71,car,933,131,"[902, 116, 62, 31]"
46,47,car,518,87,"[488, 59, 60, 57]"
46,15,car,931,139,"[904, 117, 55, 45]"
46,12,truck,179,238,"[114, 156, 131, 164]"
47,1,car,115,382,"[56, 326, 118, 113]"
47,2,car,243,321,"[191, 284, 104, 74]"
47,3,car,359,291,"[314, 257, 90, 69]"
47,4,car,288,186,"[257, 159, 63, 54]"
47,9,car,341,162,"[314, 141, 54, 43]"
47,10,car,875,245,"[832, 208, 86, 74]"
47,11,car,379,222,"[341, 192, 77, 61]"
47,13,car,930,71,"[908, 56, 44, 31]"
47,14,car,918,169,"[882, 141, 73, 57]"
47,17,car,1023,68,"[1001, 51, 45, 35]"
47,19,car,895,94,"[872, 78, 46, 33]"
47,21,car,414,188,"[381, 162, 67, 53]"
47,26,car,1227,344,"[1175, 301, 105, 87]"
47,37,car,515,606,"[402, 538, 226, 136]"
47,38,car,804,39,"[782, 19, 45, 40]"
47,60,car,628,53,"[606, 34, 45, 38]"
47,18,truck,62,183,"[7, 89, 110, 189]"
47,5,car,890,27,"[870, 11, 40, 33]"
47,71,car,932,131,"[901, 116, 63, 31]"
47,47,car,520,87,"[489, 58, 62, 58]"
47,15,car,931,140,"[904, 118, 55, 44]"
47,12,truck,181,237,"[115, 155, 132, 165]"
47,74,car,626,59,"[602, 35, 49, 49]"
47,30,car,1039,41,"[1018, 24, 42, 34]"
48,1,car,115,380,"[58, 325, 114, 110]"
48,2,car,245,319,"[193, 282, 104, 74]"
48,3,car,359,290,"[314, 256, 90, 68]"
48,4,car,289,185,"[259, 159, 61, 53]"
48,9,car,342,161,"[315, 139, 55, 44]"
48,10,car,876,246,"[833, 209, 86, 74]"
48,11,car,380,222,"[342, 192, 76, 60]"
48,13,car,929,72,"[907, 56, 44, 32]"
48,14,car,919,169,"[882, 141, 75, 57]"
48,17,car,1023,68,"[1001, 51, 44, 35]"
48,19,car,894,95,"[871, 79, 47, 33]"
48,21,car,416,188,"[383, 162, 66, 52]"
48,26,car,1228,346,"[1177, 302, 103, 88]"
48,37,car,511,603,"[402, 536, 219, 134]"
48,38,car,806,39,"[783, 19, 47, 41]"
48,60,car,630,53,"[608, 35, 45, 37]"
48,18,truck,62,182,"[6, 88, 112, 189]"
48,5,car,892,26,"[872, 10, 40, 33]"
48,47,car,521,86,"[490, 56, 62, 60]"
48,12,truck,181,237,"[115, 154, 132, 166]"
48,74,car,625,61,"[601, 38, 48, 47]"
48,52,car,920,158,"[876, 118, 89, 81]"
49,1,car,115,378,"[58, 323, 114, 110]"
49,2,car,245,317,"[194, 280, 103, 74]"
49,3,car,359,289,"[315, 255, 88, 68]"
49,4,car,291,185,"[260, 159, 62, 52]"
49,9,car,343,160,"[316, 138, 55, 44]"
49,10,car,877,247,"[834, 210, 86, 74]"
49,11,car,380,221,"[343, 192, 75, 58]"
49,13,car,928,72,"[906, 56, 45, 33]"
49,14,car,922,169,"[884, 139, 77, 60]"
49,17,car,1021,68,"[999, 51, 45, 35]"
49,19,car,893,95,"[869, 78, 48, 34]"
49,21,car,416,187,"[384, 161, 65, 52]"
49,26,car,1230,348,"[1180, 303, 100, 90]"
49,37,car,506,598,"[401, 532, 211, 132]"
49,38,car,808,39,"[784, 19, 48, 41]"
49,60,car,632,54,"[610, 36, 44, 36]"
49,18,truck,62,182,"[6, 88, 112, 188]"
49,5,car,893,26,"[874, 10, 39, 32]"
49,47,car,522,85,"[491, 56, 62, 59]"
49,12,truck,182,236,"[115, 153, 134, 167]"
49,74,car,623,66,"[603, 46, 41, 40]"
50,1,car,115,375,"[57, 318, 117, 114]"
50,2,car,246,315,"[195, 278, 103, 74]"
50,3,car,359,287,"[316, 254, 86, 66]"
50,4,car,291,184,"[261, 158, 61, 52]"
50,9,car,345,159,"[317, 137, 56, 44]"
50,10,car,878,247,"[835, 210, 87, 75]"
50,11,car,381,221,"[345, 193, 72, 56]"
50,13,car,927,73,"[904, 56, 46, 34]"
50,14,car,924,169,"[886, 140, 76, 59]"
50,17,car,1021,68,"[999, 51, 45, 35]"
50,19,car,892,95,"[868, 78, 49, 35]"
50,21,car,417,187,"[384, 161, 66, 52]"
50,26,car,1231,349,"[1183, 305, 97, 89]"
50,37,car,503,593,"[399, 527, 208, 132]"
50,38,car,810,38,"[786, 17, 49, 42]"
50,60,car,633,53,"[612, 36, 43, 35]"
50,18,truck,62,181,"[6, 87, 113, 188]"
50,5,car,895,25,"[875, 9, 40, 32]"
50,12,truck,182,234,"[117, 152, 131, 165]"
50,74,car,621,69,"[603, 52, 36, 34]"
50,20,car,381,140,"[353, 117, 57, 46]"
51,1,car,116,376,"[60, 321, 113, 110]"
51,2,car,248,314,"[197, 277, 103, 74]"
51,3,car,359,286,"[316, 253, 86, 66]"
51,4,car,292,184,"[261, 158, 62, 53]"
51,9,car,345,158,"[317, 136, 57, 45]"
51,10,car,880,249,"[837, 212, 86, 75]"
51,11,car,382,220,"[346, 192, 72, 56]"
51,13,car,926,74,"[903, 57, 47, 34]"
51,14,car,924,170,"[887, 141, 75, 59]"
51,17,car,1021,68,"[999, 50, 45, 36]"
51,19,car,891,95,"[866, 78, 51, 35]"
51,21,car,417,186,"[385, 161, 65, 51]"
51,26,car,1233,351,"[1187, 307, 93, 88]"
51,37,car,500,590,"[399, 524, 203, 132]"
51,38,car,812,37,"[788, 17, 49, 41]"
51,60,car,635,53,"[614, 35, 43, 36]"
51,18,truck,63,180,"[6, 86, 115, 189]"
51,5,car,897,24,"[877, 8, 40, 32]"
51,12,bus,182,234,"[117, 153, 131, 163]"
51,74,car,620,70,"[602, 53, 36, 34]"
51,77,truck,182,234,"[115, 153, 135, 162]"
51,78,car,534,71,"[514, 53, 40, 36]"
52,1,car,117,378,"[64, 327, 106, 102]"
52,2,car,249,313,"[198, 276, 103, 74]"
52,3,car,359,284,"[315, 250, 89, 68]"
52,4,car,293,183,"[263, 157, 61, 52]"
52,9,car,347,157,"[319, 135, 57, 45]"
52,10,car,882,250,"[839, 213, 86, 75]"
52,11,car,382,219,"[346, 191, 73, 56]"
52,13,car,925,74,"[902, 57, 47, 35]"
52,14,car,925,169,"[885, 138, 80, 63]"
52,17,car,1020,68,"[998, 50, 45, 36]"
52,19,car,890,96,"[864, 78, 52, 36]"
52,21,car,418,185,"[386, 160, 65, 51]"
52,26,car,1235,353,"[1191, 308, 89, 90]"
52,37,car,497,587,"[398, 522, 198, 130]"
52,38,car,814,37,"[790, 17, 48, 41]"
52,60,car,636,52,"[615, 35, 43, 35]"
52,18,truck,63,180,"[5, 86, 117, 189]"
52,5,car,899,23,"[880, 8, 39, 31]"
52,12,bus,184,233,"[119, 153, 130, 160]"
52,74,car,621,70,"[603, 54, 36, 33]"
52,20,car,384,140,"[356, 118, 57, 44]"
53,1,car,117,378,"[65, 329, 104, 99]"
53,2,car,251,311,"[200, 275, 102, 73]"
53,3,car,359,282,"[315, 248, 89, 69]"
53,4,car,295,182,"[265, 156, 61, 52]"
53,9,car,349,157,"[320, 134, 58, 46]"
53,10,car,883,251,"[840, 214, 87, 75]"
53,11,car,383,218,"[346, 190, 74, 56]"
53,13,car,924,74,"[901, 57, 47, 35]"
53,14,car,926,170,"[887, 139, 78, 63]"
53,17,car,1020,68,"[997, 50, 46, 36]"
53,19,car,889,96,"[863, 78, 52, 37]"
53,21,car,419,185,"[387, 160, 65, 51]"
53,26,car,1236,355,"[1193, 310, 87, 91]"
53,37,car,493,582,"[398, 519, 191, 127]"
53,38,car,816,37,"[793, 17, 47, 40]"
53,60,car,636,54,"[613, 35, 47, 38]"
53,18,truck,63,179,"[5, 85, 117, 189]"
53,5,car,902,22,"[882, 7, 40, 31]"
53,12,bus,184,231,"[120, 152, 129, 159]"
53,74,car,627,70,"[609, 53, 36, 34]"
53,20,car,387,141,"[359, 119, 56, 45]"
54,1,car,117,375,"[63, 324, 108, 103]"
54,2,car,251,310,"[201, 274, 101, 73]"
54,3,car,360,281,"[316, 247, 89, 69]"
54,4,car,295,181,"[265, 155, 61, 52]"
54,9,car,350,156,"[322, 133, 57, 46]"
54,10,car,884,252,"[841, 215, 87, 75]"
54,11,car,384,217,"[347, 189, 75, 57]"
54,13,car,923,75,"[900, 58, 47, 35]"
54,14,car,926,172,"[888, 142, 76, 61]"
54,17,car,1018,68,"[996, 51, 45, 35]"
54,19,car,888,97,"[862, 78, 53, 38]"
54,21,car,421,185,"[389, 160, 65, 50]"
54,26,car,1238,356,"[1197, 311, 83, 91]"
54,37,car,490,579,"[395, 515, 191, 129]"
54,38,car,818,36,"[795, 17, 46, 39]"
54,60,car,638,52,"[616, 34, 44, 36]"
54,18,truck,64,179,"[5, 85, 118, 188]"
54,5,car,904,22,"[884, 6, 40, 32]"
54,12,truck,186,231,"[121, 151, 130, 160]"
54,74,car,629,70,"[611, 54, 36, 32]"
54,82,bus,185,231,"[119, 151, 133, 160]"
55,1,car,117,368,"[59, 312, 117, 113]"
55,2,car,253,309,"[203, 273, 101, 73]"
55,3,car,361,281,"[317, 247, 88, 68]"
55,4,car,297,180,"[266, 154, 62, 52]"
55,9,car,352,155,"[323, 132, 58, 47]"
55,10,car,885,253,"[842, 216, 87, 75]"
55,11,car,385,215,"[348, 187, 74, 57]"
55,13,car,922,75,"[899, 58, 47, 35]"
55,14,car,926,170,"[886, 137, 81, 67]"
55,17,car,1017,68,"[995, 51, 45, 35]"
55,19,car,888,98,"[861, 79, 54, 38]"
55,21,car,422,184,"[390, 159, 64, 50]"
55,26,car,1240,358,"[1201, 313, 79, 90]"
55,37,car,487,575,"[393, 511, 188, 129]"
55,38,car,819,36,"[796, 17, 46, 39]"
55,60,car,641,51,"[619, 34, 44, 35]"
55,18,truck,64,178,"[5, 85, 118, 187]"
55,5,car,905,21,"[886, 6, 38, 31]"
55,12,truck,187,231,"[121, 150, 133, 163]"
55,74,car,629,70,"[611, 54, 37, 33]"
55,82,bus,187,232,"[120, 151, 134, 162]"
55,83,car,636,56,"[613, 35, 46, 43]"
56,1,car,117,364,"[58, 306, 119, 117]"
56,2,car,254,308,"[205, 273, 99, 71]"
56,3,car,361,279,"[319, 247, 85, 65]"
56,4,car,297,179,"[266, 153, 62, 53]"
56,9,car,352,155,"[323, 132, 58, 47]"
56,10,car,887,254,"[843, 217, 88, 75]"
56,11,car,385,214,"[348, 186, 75, 57]"
56,13,car,921,76,"[899, 59, 45, 34]"
56,14,car,927,168,"[884, 132, 86, 73]"
56,17,car,1016,69,"[994, 52, 45, 35]"
56,19,car,887,98,"[861, 79, 52, 38]"
56,21,car,423,183,"[391, 158, 64, 50]"
56,26,car,1242,360,"[1205, 315, 75, 90]"
56,37,car,484,573,"[392, 509, 185, 128]"
56,38,car,820,36,"[797, 17, 47, 39]"
56,60,car,642,51,"[620, 34, 44, 35]"
56,18,truck,63,178,"[4, 85, 119, 187]"
56,5,car,906,21,"[888, 6, 37, 30]"
56,12,truck,188,232,"[121, 150, 134, 164]"
56,74,car,630,69,"[612, 53, 37, 32]"
56,82,bus,187,233,"[120, 152, 135, 162]"
56,83,car,636,58,"[611, 35, 51, 47]"
57,1,car,118,364,"[62, 310, 112, 109]"
57,2,car,256,307,"[207, 272, 98, 71]"
57,3,car,361,279,"[318, 246, 87, 66]"
57,4,car,298,178,"[267, 152, 62, 53]"
57,9,car,353,156,"[324, 132, 59, 48]"
57,10,car,889,256,"[846, 218, 87, 76]"
57,11,car,386,213,"[349, 185, 74, 57]"
57,13,car,921,77,"[899, 60, 45, 34]"
57,14,car,927,169,"[886, 133, 83, 72]"
57,17,car,1015,69,"[992, 51, 46, 37]"
57,19,car,886,98,"[860, 79, 52, 38]"
57,21,car,423,182,"[391, 157, 64, 50]"
57,26,car,1244,362,"[1209, 317, 71, 91]"
57,37,car,481,570,"[390, 506, 182, 128]"
57,38,car,822,36,"[799, 17, 46, 39]"
57,60,car,644,50,"[622, 33, 44, 35]"
57,18,truck,64,178,"[4, 85, 120, 186]"
57,5,car,907,21,"[889, 7, 37, 29]"
57,12,truck,188,231,"[121, 150, 134, 163]"
57,74,car,632,69,"[613, 53, 38, 33]"
57,82,bus,188,232,"[121, 151, 135, 162]"
57,83,car,638,58,"[613, 34, 51, 48]"
57,30,car,1026,43,"[1003, 24, 46, 38]"
58,1,car,118,367,"[66, 316, 105, 102]"
58,2,car,258,306,"[209, 271, 98, 71]"
58,3,car,361,278,"[318, 244, 87, 68]"
58,4,car,298,178,"[267, 151, 63, 54]"
58,9,car,354,156,"[325, 132, 59, 48]"
58,10,car,891,256,"[847, 218, 89, 77]"
58,11,car,387,213,"[350, 185, 74, 56]"
58,13,car,921,77,"[899, 60, 45, 34]"
58,14,car,928,168,"[886, 131, 85, 75]"
58,17,car,1014,70,"[991, 52, 47, 37]"
58,19,car,885,98,"[859, 79, 53, 39]"
58,21,car,424,181,"[392, 157, 64, 49]"
58,26,car,1246,363,"[1213, 318, 67, 91]"
58,37,car,478,566,"[389, 503, 178, 126]"
58,38,car,823,36,"[800, 17, 47, 39]"
58,60,car,645,49,"[622, 32, 46, 35]"
58,18,truck,64,177,"[4, 84, 120, 187]"
58,5,car,909,21,"[891, 7, 36, 29]"
58,12,truck,188,230,"[122, 150, 132, 161]"
58,74,car,634,69,"[616, 54, 36, 31]"
58,82,bus,188,231,"[121, 150, 135, 162]"
58,83,car,641,58,"[615, 34, 52, 48]"
58,86,traffic light,1100,20,"[1091, 1, 18, 38]"
58,30,car,1024,43,"[1001, 24, 47, 38]"
59,1,car,118,368,"[69, 321, 99, 95]"
59,2,car,259,305,"[210, 270, 98, 71]"
59,3,car,361,276,"[318, 243, 87, 67]"
59,4,car,299,177,"[268, 151, 63, 53]"
59,10,car,893,258,"[849, 220, 89, 76]"
59,11,car,388,212,"[351, 184, 74, 57]"
59,13,car,921,77,"[899, 61, 44, 33]"
59,14,car,928,170,"[887, 133, 83, 74]"
59,17,car,1014,71,"[991, 53, 46, 36]"
59,19,car,884,98,"[858, 78, 53, 40]"
59,21,car,424,181,"[392, 156, 65, 50]"
59,26,car,1248,366,"[1217, 320, 63, 92]"
59,37,car,474,562,"[386, 499, 177, 127]"
59,38,car,825,36,"[801, 17, 48, 39]"
59,60,car,646,50,"[623, 32, 46, 36]"
59,18,truck,64,177,"[3, 84, 122, 187]"
59,5,car,910,21,"[892, 6, 37, 30]"
59,12,truck,188,230,"[122, 149, 132, 162]"
59,74,car,635,69,"[618, 54, 35, 30]"
59,83,car,642,57,"[616, 33, 52, 49]"
59,86,traffic light,1100,20,"[1091, 1, 18, 39]"
59,30,car,1022,43,"[999, 24, 47, 39]"
59,88,car,546,70,"[525, 52, 42, 36]"
60,1,car,119,369,"[71, 324, 96, 91]"
60,2,car,260,303,"[212, 268, 96, 70]"
60,3,car,361,275,"[318, 242, 87, 67]"
60,4,car,300,176,"[268, 149, 64, 55]"
60,10,car,894,260,"[850, 222, 88, 76]"
60,11,car,389,211,"[352, 183, 74, 57]"
60,13,car,920,78,"[898, 61, 44, 34]"
60,14,car,929,169,"[887, 130, 85, 78]"
60,17,car,1013,72,"[990, 54, 46, 36]"
60,19,car,883,99,"[856, 79, 54, 40]"
60,21,car,425,180,"[393, 155, 65, 50]"
60,26,car,1250,368,"[1221, 322, 59, 92]"
60,37,car,471,559,"[383, 496, 176, 127]"
60,38,car,825,36,"[801, 16, 49, 41]"
60,18,truck,64,176,"[3, 83, 122, 187]"
60,5,car,911,21,"[894, 7, 35, 28]"
60,12,truck,188,228,"[123, 148, 131, 160]"
60,74,car,636,68,"[618, 53, 36, 30]"
60,83,car,643,54,"[620, 33, 47, 43]"
60,86,traffic light,1099,20,"[1090, 0, 18, 40]"
60,30,car,1019,44,"[996, 25, 47, 39]"
60,88,car,548,69,"[527, 52, 42, 35]"
61,1,car,118,368,"[70, 323, 97, 91]"
61,2,car,261,301,"[213, 267, 96, 69]"
61,3,car,361,274,"[318, 241, 86, 67]"
61,4,car,300,176,"[269, 149, 63, 55]"
61,10,car,895,261,"[851, 224, 88, 75]"
61,11,car,389,209,"[353, 181, 73, 57]"
61,13,car,919,78,"[897, 61, 44, 34]"
61,14,car,930,169,"[888, 129, 85, 80]"
61,17,car,1012,72,"[989, 54, 47, 37]"
61,19,car,882,99,"[855, 79, 54, 40]"
61,21,car,427,179,"[395, 154, 65, 51]"
61,26,car,1252,369,"[1225, 323, 55, 92]"
61,37,car,468,556,"[381, 493, 174, 126]"
61,38,car,826,37,"[801, 16, 51, 42]"
61,18,truck,64,176,"[3, 83, 123, 186]"
61,5,car,912,21,"[894, 7, 37, 29]"
61,12,truck,189,228,"[123, 148, 132, 160]"
61,74,car,636,67,"[618, 52, 36, 31]"
61,83,car,642,57,"[618, 34, 49, 46]"
61,86,traffic light,1098,20,"[1089, 0, 19, 40]"
61,30,car,1018,45,"[995, 26, 46, 38]"
61,88,car,549,68,"[529, 51, 41, 35]"
61,60,car,647,51,"[624, 33, 47, 36]"
62,1,car,119,361,"[65, 310, 109, 103]"
62,2,car,262,300,"[214, 266, 97, 69]"
62,3,car,361,272,"[320, 240, 83, 64]"
62,4,car,302,175,"[270, 148, 64, 55]"
62,10,car,897,263,"[853, 225, 88, 76]"
62,11,car,390,209,"[353, 180, 75, 58]"
62,13,car,916,78,"[895, 62, 43, 33]"
62,14,car,931,169,"[889, 129, 84, 81]"
62,17,car,1011,73,"[988, 54, 47, 38]"
62,19,car,881,100,"[856, 81, 51, 38]"
62,21,car,428,179,"[395, 153, 66, 52]"
62,26,car,1254,370,"[1229, 325, 51, 91]"
62,37,car,465,553,"[381, 491, 169, 124]"
62,38,car,827,36,"[801, 15, 53, 43]"
62,18,truck,64,176,"[3, 83, 123, 186]"
62,5,car,914,21,"[896, 7, 36, 29]"
62,12,truck,189,227,"[124, 147, 131, 160]"
62,74,car,636,67,"[618, 52, 37, 31]"
62,83,car,643,59,"[619, 37, 48, 45]"
62,30,car,1018,44,"[996, 26, 44, 36]"
62,20,car,397,135,"[370, 114, 54, 43]"
63,1,car,120,358,"[64, 305, 113, 107]"
63,2,car,264,299,"[216, 265, 96, 69]"
63,3,car,362,271,"[322, 240, 80, 62]"
63,4,car,304,174,"[273, 148, 62, 53]"
63,10,car,899,264,"[854, 225, 91, 78]"
63,11,car,393,208,"[356, 179, 74, 58]"
63,13,car,915,78,"[894, 62, 43, 33]"
63,14,car,933,170,"[891, 130, 84, 80]"
63,17,car,1011,73,"[988, 54, 47, 38]"
63,19,car,880,100,"[855, 81, 51, 38]"
63,21,car,430,178,"[398, 153, 64, 50]"
63,37,car,463,550,"[381, 489, 165, 122]"
63,38,car,829,36,"[804, 16, 51, 41]"
63,18,truck,64,175,"[3, 83, 123, 185]"
63,5,car,917,21,"[899, 7, 36, 29]"
63,12,truck,190,226,"[124, 145, 133, 163]"
63,74,car,638,67,"[619, 52, 38, 31]"
63,83,car,645,60,"[620, 37, 51, 46]"
63,9,car,359,153,"[331, 130, 57, 47]"
63,88,car,553,68,"[534, 51, 39, 34]"
64,1,car,121,362,"[69, 313, 104, 98]"
64,2,car,266,298,"[218, 264, 97, 69]"
64,3,car,363,269,"[323, 238, 80, 62]"
64,4,car,305,174,"[275, 148, 61, 52]"
64,10,car,901,265,"[855, 225, 93, 80]"
64,11,car,394,207,"[358, 179, 73, 57]"
64,13,car,915,79,"[893, 62, 44, 34]"
64,14,car,934,170,"[893, 130, 83, 81]"
64,17,car,1011,72,"[987, 53, 48, 39]"
64,19,car,880,100,"[855, 82, 50, 37]"
64,21,car,431,177,"[400, 153, 63, 49]"
64,37,car,461,548,"[379, 487, 164, 122]"
64,38,car,830,36,"[806, 17, 49, 39]"
64,18,truck,65,174,"[3, 82, 124, 185]"
64,5,car,919,21,"[901, 6, 37, 30]"
64,12,bus,191,226,"[126, 146, 130, 160]"
64,74,car,641,67,"[622, 52, 38, 30]"
64,83,car,647,59,"[621, 35, 53, 48]"
64,91,truck,191,225,"[126, 145, 131, 161]"
64,9,car,361,153,"[333, 130, 56, 46]"
64,88,car,554,68,"[534, 51, 40, 34]"
65,1,car,121,354,"[63, 299, 116, 110]"
65,2,car,268,297,"[219, 263, 98, 69]"
65,3,car,363,268,"[323, 238, 81, 61]"
65,4,car,306,173,"[276, 147, 61, 53]"
65,10,car,903,266,"[857, 226, 93, 80]"
65,11,car,395,206,"[359, 178, 73, 57]"
65,13,car,914,79,"[892, 62, 44, 34]"
65,14,car,934,171,"[894, 131, 81, 81]"
65,17,car,1009,72,"[985, 52, 49, 40]"
65,19,car,879,101,"[855, 83, 49, 37]"
65,21,car,433,177,"[402, 153, 62, 48]"
65,37,car,458,544,"[376, 483, 165, 123]"
65,38,car,832,36,"[808, 17, 48, 38]"
65,18,truck,66,174,"[4, 82, 124, 184]"
65,5,car,920,20,"[902, 6, 37, 29]"
65,12,bus,192,225,"[127, 145, 130, 160]"
65,74,car,643,66,"[624, 51, 39, 31]"
65,83,car,649,58,"[623, 34, 53, 49]"
65,91,truck,192,224,"[127, 144, 131, 161]"
65,9,car,362,153,"[335, 130, 55, 46]"
65,88,car,554,67,"[535, 51, 39, 33]"
65,60,car,652,50,"[628, 32, 48, 36]"
66,1,car,122,349,"[62, 292, 120, 115]"
66,2,car,269,296,"[221, 262, 97, 69]"
66,3,car,363,268,"[323, 237, 80, 62]"
66,4,car,308,173,"[278, 147, 60, 52]"
66,10,car,905,266,"[858, 226, 95, 81]"
66,11,car,395,205,"[359, 177, 73, 56]"
66,13,car,913,79,"[892, 62, 43, 34]"
66,14,car,935,174,"[897, 135, 77, 78]"
66,17,car,1008,72,"[984, 53, 48, 39]"
66,19,car,879,102,"[854, 84, 50, 36]"
66,21,car,433,176,"[402, 152, 63, 48]"
66,37,car,455,540,"[374, 479, 163, 123]"
66,38,car,834,36,"[810, 17, 48, 38]"
66,18,truck,66,173,"[4, 82, 124, 183]"
66,5,car,922,20,"[904, 5, 36, 30]"
66,12,bus,193,224,"[128, 144, 130, 161]"
66,74,car,644,65,"[625, 50, 38, 31]"
66,91,truck,193,223,"[128, 143, 131, 161]"
66,9,car,363,152,"[336, 129, 54, 46]"
66,88,car,555,67,"[536, 51, 39, 33]"
66,60,car,652,51,"[626, 32, 53, 38]"
67,1,car,122,346,"[63, 289, 119, 115]"
67,2,car,270,295,"[222, 261, 97, 69]"
67,3,car,362,267,"[322, 236, 81, 62]"
67,4,car,310,172,"[280, 147, 60, 51]"
67,10,car,908,267,"[861, 227, 94, 81]"
67,11,car,395,204,"[359, 176, 73, 56]"
67,13,car,912,79,"[891, 63, 43, 33]"
67,14,car,936,173,"[896, 132, 81, 82]"
67,17,car,1007,73,"[983, 53, 48, 40]"
67,19,car,878,102,"[853, 83, 50, 38]"
67,21,car,434,175,"[403, 151, 63, 48]"
67,37,car,452,537,"[373, 477, 158, 120]"
67,38,car,834,36,"[811, 17, 47, 38]"
67,18,truck,66,172,"[4, 81, 125, 183]"
67,5,car,923,20,"[906, 6, 35, 28]"
67,12,bus,194,223,"[129, 143, 131, 161]"
67,74,car,646,65,"[626, 50, 40, 30]"
67,91,truck,194,222,"[129, 142, 131, 161]"
67,9,car,364,151,"[337, 128, 54, 46]"
67,88,car,556,67,"[536, 51, 40, 33]"
67,60,car,654,51,"[626, 31, 56, 41]"
68,1,car,123,343,"[65, 286, 117, 115]"
68,2,car,272,295,"[223, 260, 98, 70]"
68,3,car,363,265,"[323, 234, 81, 62]"
68,4,car,311,172,"[281, 146, 61, 53]"
68,10,car,910,268,"[863, 228, 94, 81]"
68,11,car,396,204,"[361, 177, 70, 54]"
68,13,car,912,80,"[890, 63, 44, 34]"
68,14,car,937,173,"[898, 132, 79, 83]"
68,17,car,1006,74,"[983, 55, 47, 38]"
68,19,car,877,102,"[852, 84, 50, 37]"
68,21,car,436,174,"[405, 151, 62, 47]"
68,37,car,450,534,"[372, 475, 156, 118]"
68,38,car,836,35,"[813, 17, 46, 37]"
68,18,truck,67,172,"[5, 81, 125, 183]"
68,5,car,925,19,"[907, 5, 36, 29]"
68,12,bus,196,222,"[131, 142, 130, 160]"
68,74,car,648,65,"[629, 50, 39, 30]"
68,91,truck,196,220,"[131, 141, 130, 159]"
68,9,car,365,150,"[338, 127, 54, 46]"
68,88,car,559,67,"[539, 51, 40, 33]"
68,60,car,656,51,"[629, 31, 55, 40]"
68,30,car,1010,47,"[989, 30, 42, 34]"
68,83,car,652,58,"[627, 35, 51, 46]"
69,1,car,123,343,"[66, 286, 115, 114]"
69,2,car,273,293,"[224, 258, 98, 70]"
69,3,car,364,263,"[324, 233, 81, 61]"
69,4,car,312,172,"[282, 146, 61, 52]"
69,10,car,912,270,"[865, 230, 94, 81]"
69,11,car,397,203,"[362, 176, 70, 54]"
69,13,car,911,80,"[889, 64, 44, 33]"
69,14,car,939,176,"[902, 137, 75, 78]"
69,17,car,1006,74,"[983, 55, 47, 39]"
69,19,car,877,103,"[852, 85, 50, 37]"
69,21,car,437,174,"[406, 151, 62, 47]"
69,37,car,447,531,"[370, 472, 155, 118]"
69,38,car,839,35,"[816, 17, 46, 37]"
69,18,truck,69,172,"[7, 81, 125, 182]"
69,5,car,927,19,"[909, 5, 36, 29]"
69,12,bus,197,221,"[132, 141, 130, 160]"
69,74,car,650,65,"[630, 50, 40, 30]"
69,91,truck,197,219,"[133, 140, 129, 159]"
69,9,car,367,149,"[340, 126, 54, 47]"
69,88,car,560,67,"[540, 50, 41, 34]"
69,60,car,659,49,"[634, 31, 51, 36]"
69,30,car,1009,49,"[987, 31, 44, 36]"
69,83,car,655,56,"[629, 32, 52, 49]"
70,1,car,123,343,"[67, 287, 113, 112]"
70,2,car,276,293,"[227, 258, 98, 70]"
70,3,car,365,263,"[324, 232, 83, 62]"
70,4,car,312,171,"[282, 146, 61, 51]"
70,10,car,913,271,"[866, 231, 94, 81]"
70,11,car,398,203,"[363, 176, 70, 54]"
70,13,car,911,80,"[889, 64, 44, 33]"
70,14,car,940,183,"[908, 151, 64, 65]"
70,17,car,1005,74,"[982, 55, 47, 39]"
70,19,car,876,104,"[850, 86, 52, 37]"
70,21,car,437,173,"[406, 149, 63, 48]"
70,37,car,445,528,"[368, 470, 154, 117]"
70,38,car,842,35,"[818, 16, 48, 38]"
70,18,truck,70,171,"[7, 80, 127, 183]"
70,5,car,928,19,"[910, 5, 37, 29]"
70,12,bus,197,220,"[132, 141, 130, 159]"
70,74,car,651,65,"[632, 50, 39, 30]"
70,9,car,368,149,"[341, 126, 54, 46]"
70,88,car,562,66,"[542, 50, 40, 33]"
70,60,car,662,47,"[638, 30, 49, 35]"
70,30,car,1008,52,"[983, 31, 51, 43]"
70,83,car,659,55,"[633, 31, 52, 48]"
70,52,car,939,172,"[894, 129, 90, 87]"
70,86,car,1094,20,"[1084, 0, 21, 41]"
71,1,car,124,342,"[68, 286, 112, 112]"
71,2,car,277,292,"[228, 257, 98, 70]"
71,3,car,365,262,"[324, 231, 83, 63]"
71,4,car,313,170,"[283, 145, 60, 51]"
71,10,car,915,272,"[868, 232, 94, 81]"
71,11,car,398,202,"[363, 175, 71, 54]"
71,13,car,910,81,"[888, 65, 44, 33]"
71,14,car,941,186,"[911, 156, 61, 61]"
71,17,car,1005,75,"[982, 56, 46, 38]"
71,19,car,874,104,"[847, 85, 54, 39]"
71,21,car,438,172,"[406, 148, 64, 49]"
71,37,car,442,524,"[366, 465, 153, 118]"
71,38,car,841,35,"[818, 16, 47, 38]"
71,18,truck,71,171,"[8, 80, 127, 183]"
71,5,car,930,19,"[912, 5, 37, 29]"
71,12,bus,198,220,"[133, 140, 130, 160]"
71,74,car,651,65,"[632, 50, 39, 30]"
71,9,car,368,148,"[342, 126, 53, 45]"
71,88,car,563,65,"[543, 49, 41, 33]"
71,60,car,664,47,"[640, 30, 49, 34]"
71,30,car,1007,55,"[979, 31, 56, 49]"
71,83,car,660,54,"[634, 30, 52, 48]"
71,52,car,940,173,"[897, 130, 86, 87]"
71,86,car,1093,20,"[1082, 0, 23, 41]"
72,1,car,123,342,"[69, 288, 109, 108]"
72,2,car,278,291,"[229, 256, 98, 70]"
72,3,car,365,261,"[324, 230, 83, 63]"
72,4,car,314,170,"[284, 145, 60, 51]"
72,10,car,916,274,"[869, 233, 94, 82]"
72,11,car,400,202,"[366, 175, 69, 54]"
72,13,car,908,82,"[886, 65, 44, 34]"
72,14,car,942,186,"[910, 155, 64, 63]"
72,17,car,1004,71,"[977, 49, 54, 45]"
72,19,car,873,105,"[846, 85, 54, 40]"
72,21,car,439,172,"[406, 147, 66, 50]"
72,37,car,439,521,"[363, 462, 153, 118]"
72,38,car,842,35,"[819, 16, 47, 38]"
72,18,truck,72,170,"[9, 79, 127, 183]"
72,5,car,932,18,"[914, 4, 36, 29]"
72,12,bus,198,219,"[133, 140, 130, 159]"
72,74,car,653,64,"[634, 49, 39, 31]"
72,9,car,369,148,"[344, 127, 51, 43]"
72,88,car,564,65,"[543, 48, 42, 34]"
72,60,car,666,47,"[642, 30, 48, 34]"
72,83,car,662,54,"[638, 32, 49, 44]"
72,86,car,1092,20,"[1080, 0, 24, 41]"
73,1,car,124,340,"[70, 286, 109, 109]"
73,2,car,279,288,"[231, 254, 96, 69]"
73,3,car,365,260,"[324, 229, 82, 63]"
73,4,car,314,170,"[285, 145, 59, 50]"
73,10,car,918,275,"[871, 234, 94, 82]"
73,11,car,402,201,"[367, 174, 70, 54]"
73,13,car,907,83,"[885, 66, 44, 34]"
73,14,car,943,189,"[912, 159, 62, 60]"
73,17,car,1002,70,"[974, 45, 57, 50]"
73,19,car,872,105,"[846, 86, 53, 39]"
73,21,car,439,171,"[408, 147, 63, 48]"
73,37,car,437,519,"[361, 460, 152, 118]"
73,38,car,845,34,"[821, 15, 48, 39]"
73,18,truck,73,170,"[9, 78, 128, 184]"
73,5,car,933,18,"[915, 4, 36, 29]"
73,12,bus,197,218,"[133, 139, 129, 159]"
73,74,car,654,64,"[636, 50, 37, 29]"
73,9,car,370,148,"[345, 127, 50, 42]"
73,88,car,564,65,"[543, 48, 42, 34]"
73,60,car,670,47,"[647, 30, 47, 34]"
73,86,car,1090,20,"[1078, 0, 25, 41]"
73,52,car,941,175,"[899, 131, 84, 88]"
74,1,car,125,339,"[71, 285, 108, 108]"
74,2,car,279,287,"[232, 253, 95, 68]"
74,3,car,365,259,"[324, 228, 82, 62]"
74,4,car,316,170,"[286, 145, 60, 50]"
74,10,car,920,276,"[873, 235, 95, 82]"
74,11,car,402,199,"[368, 173, 69, 53]"
74,13,car,906,82,"[883, 65, 46, 35]"
74,14,car,943,188,"[910, 157, 66, 63]"
74,17,car,1001,69,"[972, 43, 59, 52]"
74,19,car,871,106,"[845, 87, 53, 39]"
74,21,car,440,170,"[409, 146, 62, 48]"
74,37,car,434,516,"[359, 458, 151, 117]"
74,38,car,847,35,"[823, 16, 48, 38]"
74,18,truck,74,169,"[11, 78, 127, 183]"
74,5,car,934,18,"[917, 4, 35, 29]"
74,12,bus,198,218,"[134, 138, 129, 160]"
74,74,car,655,64,"[637, 50, 37, 29]"
74,9,car,371,148,"[346, 127, 50, 42]"
74,88,car,564,65,"[543, 48, 43, 34]"
74,60,car,671,47,"[647, 30, 48, 34]"
74,86,car,1090,21,"[1077, 0, 26, 42]"
74,52,car,942,175,"[900, 131, 84, 89]"
74,83,car,666,54,"[644, 35, 45, 38]"
75,1,car,126,339,"[74, 287, 105, 105]"
75,2,car,280,285,"[233, 251, 95, 68]"
75,3,car,365,258,"[324, 227, 82, 62]"
75,4,car,316,169,"[287, 144, 59, 50]"
75,10,car,922,277,"[875, 236, 95, 82]"
75,11,car,403,198,"[368, 172, 70, 53]"
75,13,car,905,83,"[882, 66, 46, 35]"
75,14,car,944,187,"[910, 155, 68, 65]"
75,17,car,1001,71,"[974, 47, 54, 49]"
75,19,car,871,107,"[845, 88, 53, 38]"
75,21,car,441,169,"[410, 146, 63, 47]"
75,37,car,432,514,"[359, 457, 147, 114]"
75,38,car,847,35,"[824, 16, 47, 38]"
75,18,truck,76,169,"[12, 78, 128, 182]"
75,5,car,936,18,"[918, 4, 36, 29]"
75,12,bus,199,217,"[135, 138, 128, 159]"
75,74,car,656,63,"[638, 49, 36, 28]"
75,9,car,373,148,"[348, 127, 50, 42]"
75,88,car,565,65,"[544, 48, 42, 34]"
75,60,car,673,47,"[649, 30, 49, 35]"
75,52,car,942,176,"[901, 131, 83, 91]"
75,83,car,667,54,"[646, 36, 43, 37]"
75,30,car,1001,63,"[968, 32, 67, 62]"
76,1,car,126,341,"[78, 293, 97, 96]"
76,2,car,282,284,"[235, 250, 94, 68]"
76,3,car,365,256,"[325, 226, 81, 61]"
76,4,car,318,168,"[289, 143, 58, 50]"
76,10,car,925,278,"[878, 237, 95, 83]"
76,11,car,403,198,"[368, 171, 71, 54]"
76,13,car,904,83,"[881, 66, 46, 35]"
76,14,car,945,189,"[912, 158, 66, 63]"
76,17,car,1000,68,"[970, 41, 60, 55]"
76,19,car,870,107,"[844, 88, 53, 39]"
76,21,car,443,169,"[412, 146, 62, 47]"
76,37,car,429,510,"[357, 455, 145, 111]"
76,38,car,847,35,"[824, 17, 46, 37]"
76,18,truck,77,168,"[13, 78, 128, 181]"
76,12,bus,199,216,"[135, 137, 128, 159]"
76,74,car,657,62,"[640, 49, 34, 27]"
76,9,car,375,147,"[350, 126, 50, 42]"
76,88,car,566,65,"[545, 49, 42, 32]"
76,60,car,675,47,"[651, 29, 49, 36]"
76,52,car,943,177,"[902, 132, 82, 90]"
76,83,car,668,55,"[648, 38, 41, 34]"
76,86,car,1089,22,"[1075, 1, 28, 42]"
77,1,car,126,341,"[79, 295, 95, 92]"
77,2,car,284,282,"[236, 248, 96, 69]"
77,3,car,365,255,"[326, 225, 79, 60]"
77,4,car,319,167,"[290, 143, 59, 49]"
77,10,car,928,279,"[880, 238, 96, 83]"
77,11,car,404,197,"[369, 170, 71, 54]"
77,13,car,903,84,"[881, 67, 45, 34]"
77,14,car,946,192,"[914, 162, 64, 60]"
77,17,car,999,65,"[967, 34, 65, 63]"
77,19,car,869,107,"[843, 88, 53, 39]"
77,21,car,444,168,"[413, 145, 62, 47]"
77,37,car,427,507,"[354, 451, 146, 112]"
77,38,car,847,35,"[825, 17, 45, 37]"
77,18,truck,78,168,"[14, 77, 128, 182]"
77,12,bus,200,215,"[136, 136, 128, 159]"
77,74,car,657,61,"[640, 48, 34, 27]"
77,9,car,376,146,"[351, 125, 50, 42]"
77,88,car,568,64,"[547, 48, 43, 32]"
77,60,car,676,47,"[652, 29, 49, 36]"
77,52,car,943,181,"[905, 140, 76, 82]"
77,86,car,1087,22,"[1073, 1, 29, 42]"
78,1,car,127,341,"[81, 297, 92, 89]"
78,2,car,285,281,"[238, 247, 94, 69]"
78,3,car,365,254,"[326, 224, 79, 60]"
78,4,car,320,167,"[291, 142, 59, 50]"
78,10,car,930,280,"[881, 238, 98, 85]"
78,11,car,405,196,"[370, 170, 70, 53]"
78,13,car,903,84,"[880, 67, 46, 34]"
78,14,car,946,193,"[915, 164, 63, 58]"
78,17,car,999,64,"[966, 32, 66, 65]"
78,19,car,868,107,"[842, 88, 53, 39]"
78,21,car,445,168,"[414, 145, 62, 47]"
78,37,car,425,503,"[352, 447, 147, 113]"
78,38,car,848,35,"[826, 16, 44, 38]"
78,18,truck,78,167,"[15, 77, 127, 181]"
78,12,bus,200,214,"[137, 135, 127, 158]"
78,74,car,659,59,"[638, 42, 42, 34]"
78,9,car,377,145,"[352, 125, 50, 41]"
78,88,car,568,63,"[547, 48, 43, 31]"
78,60,car,682,47,"[659, 29, 47, 36]"
78,86,car,1086,22,"[1071, 1, 31, 43]"
79,1,car,128,341,"[83, 298, 91, 86]"
79,2,car,286,281,"[239, 246, 95, 70]"
79,3,car,366,253,"[326, 223, 80, 61]"
79,4,car,322,166,"[293, 142, 59, 49]"
79,10,car,932,282,"[884, 240, 96, 84]"
79,11,car,406,195,"[371, 169, 70, 53]"
79,13,car,903,84,"[880, 67, 46, 35]"
79,14,car,948,193,"[916, 165, 64, 57]"
79,17,car,998,64,"[965, 31, 67, 66]"
79,19,car,868,108,"[842, 89, 52, 38]"
79,21,car,446,167,"[415, 144, 62, 47]"
79,37,car,424,501,"[351, 445, 146, 113]"
79,38,car,852,34,"[830, 15, 45, 38]"
79,18,truck,79,167,"[15, 77, 129, 181]"
79,12,bus,202,214,"[138, 135, 128, 158]"
79,74,car,660,60,"[641, 44, 39, 33]"
79,9,car,378,145,"[354, 125, 49, 40]"
79,88,car,568,65,"[546, 49, 44, 32]"
79,60,car,683,47,"[659, 29, 49, 36]"
79,86,car,1086,22,"[1070, 1, 32, 43]"
80,1,car,129,333,"[77, 283, 105, 101]"
80,2,car,287,280,"[240, 245, 95, 70]"
80,3,car,367,251,"[328, 222, 78, 59]"
80,4,car,324,166,"[294, 141, 60, 50]"
80,10,car,934,283,"[886, 241, 97, 85]"
80,11,car,407,195,"[373, 169, 69, 52]"
80,13,car,902,84,"[879, 67, 46, 35]"
80,14,car,949,194,"[916, 165, 66, 59]"
80,17,car,998,64,"[966, 30, 65, 68]"
80,19,car,867,109,"[842, 91, 51, 37]"
80,21,car,446,167,"[415, 143, 63, 48]"
80,37,car,422,499,"[349, 443, 146, 113]"
80,38,car,854,33,"[832, 14, 45, 38]"
80,18,truck,80,167,"[16, 77, 129, 181]"
80,12,bus,204,212,"[141, 134, 126, 157]"
80,74,car,661,61,"[643, 46, 37, 31]"
80,9,car,381,144,"[357, 125, 48, 39]"
80,60,car,684,46,"[661, 28, 47, 36]"
80,86,car,1085,21,"[1069, 0, 33, 43]"
80,103,car,935,156,"[907, 136, 57, 40]"
80,20,car,422,130,"[395, 109, 54, 42]"
80,83,car,676,55,"[651, 35, 50, 41]"
81,1,car,129,334,"[78, 285, 103, 98]"
81,2,car,288,279,"[242, 245, 92, 69]"
81,3,car,366,251,"[327, 222, 78, 59]"
81,4,car,325,166,"[295, 141, 60, 50]"
81,10,car,936,285,"[887, 243, 98, 85]"
81,11,car,409,194,"[374, 168, 70, 53]"
81,13,car,901,85,"[878, 68, 47, 35]"
81,14,car,950,195,"[917, 166, 67, 59]"
81,17,car,997,64,"[966, 30, 63, 68]"
81,19,car,867,109,"[841, 90, 52, 38]"
81,21,car,447,166,"[416, 143, 63, 47]"
81,37,car,420,497,"[348, 441, 144, 112]"
81,38,car,859,32,"[836, 13, 47, 39]"
81,18,truck,81,167,"[17, 76, 129, 182]"
81,12,bus,205,211,"[143, 134, 125, 154]"
81,74,car,663,62,"[645, 47, 36, 31]"
81,9,car,382,144,"[358, 125, 48, 39]"
81,60,car,687,46,"[664, 28, 47, 36]"
81,86,car,1085,22,"[1068, 0, 34, 44]"
81,103,car,937,161,"[902, 136, 70, 50]"
81,20,truck,423,129,"[396, 107, 55, 45]"
82,1,car,130,335,"[81, 288, 98, 94]"
82,2,car,289,278,"[243, 245, 92, 67]"
82,3,car,366,250,"[327, 220, 79, 60]"
82,4,car,326,165,"[296, 140, 60, 50]"
82,10,car,937,287,"[889, 245, 97, 84]"
82,11,car,409,193,"[374, 167, 70, 53]"
82,13,car,900,86,"[876, 68, 49, 37]"
82,14,car,950,197,"[917, 168, 67, 58]"
82,19,car,866,111,"[841, 93, 51, 36]"
82,21,car,448,165,"[417, 142, 62, 47]"
82,37,car,416,493,"[346, 438, 141, 111]"
82,38,car,862,32,"[839, 13, 47, 39]"
82,18,truck,81,166,"[17, 76, 129, 181]"
82,12,bus,205,211,"[142, 134, 126, 154]"
82,74,car,667,62,"[649, 47, 37, 31]"
82,9,car,383,144,"[359, 125, 48, 39]"
82,60,car,688,46,"[665, 28, 47, 36]"
82,86,car,1084,24,"[1068, 5, 32, 39]"
82,103,car,937,163,"[899, 136, 76, 55]"
82,106,car,996,79,"[977, 60, 38, 38]"
83,1,car,129,334,"[81, 288, 97, 92]"
83,2,car,290,276,"[244, 242, 92, 69]"
83,3,car,366,249,"[326, 219, 80, 60]"
83,4,car,327,164,"[297, 139, 61, 51]"
83,10,car,939,288,"[891, 247, 97, 83]"
83,11,car,410,192,"[375, 166, 70, 53]"
83,13,car,899,87,"[875, 68, 49, 38]"
83,14,car,950,198,"[916, 168, 69, 60]"
83,19,car,866,112,"[841, 94, 50, 36]"
83,21,car,449,164,"[418, 141, 62, 47]"
83,37,car,415,490,"[345, 436, 140, 109]"
83,38,car,861,32,"[839, 14, 45, 37]"
83,18,truck,82,166,"[18, 75, 129, 182]"
83,12,bus,205,210,"[142, 133, 126, 154]"
83,9,car,384,144,"[360, 125, 48, 38]"
83,60,car,689,45,"[667, 27, 45, 36]"
83,86,car,1082,23,"[1065, 2, 35, 43]"
83,103,car,937,164,"[900, 137, 75, 54]"
83,106,car,994,80,"[976, 62, 37, 36]"
83,17,car,994,66,"[964, 33, 61, 66]"
84,1,car,130,334,"[83, 290, 95, 89]"
84,2,car,292,276,"[246, 242, 92, 68]"
84,3,car,366,247,"[327, 217, 79, 61]"
84,4,car,327,164,"[297, 139, 61, 50]"
84,10,car,942,290,"[894, 248, 97, 84]"
84,11,car,410,191,"[375, 165, 70, 53]"
84,13,car,898,87,"[874, 68, 49, 39]"
84,14,car,952,198,"[917, 168, 70, 61]"
84,19,car,865,112,"[839, 94, 52, 37]"
84,21,car,451,163,"[421, 141, 60, 45]"
84,37,car,413,487,"[343, 432, 141, 111]"
84,38,car,864,32,"[841, 13, 47, 38]"
84,18,truck,83,165,"[19, 75, 129, 181]"
84,12,bus,206,207,"[144, 131, 124, 153]"
84,9,car,384,143,"[360, 124, 49, 39]"
84,60,car,689,45,"[667, 27, 45, 36]"
84,86,car,1082,23,"[1063, 1, 38, 44]"
84,103,car,937,164,"[899, 137, 76, 55]"
84,106,car,992,80,"[974, 63, 37, 35]"
84,17,car,992,66,"[963, 33, 59, 66]"
84,83,car,681,50,"[654, 29, 54, 43]"
84,74,car,673,61,"[655, 46, 36, 30]"
85,1,car,131,332,"[83, 287, 97, 91]"
85,2,car,293,275,"[248, 241, 91, 68]"
85,3,car,368,246,"[328, 216, 80, 61]"
85,4,car,329,162,"[299, 138, 60, 49]"
85,10,car,944,291,"[896, 249, 97, 85]"
85,11,car,411,190,"[377, 164, 69, 53]"
85,13,car,898,87,"[874, 68, 49, 39]"
85,14,car,953,200,"[919, 170, 69, 60]"
85,19,car,864,112,"[839, 94, 51, 37]"
85,21,car,453,163,"[424, 141, 59, 44]"
85,37,car,411,485,"[341, 430, 141, 110]"
85,38,car,866,30,"[842, 11, 49, 39]"
85,18,truck,84,165,"[20, 75, 129, 180]"
85,12,bus,205,206,"[144, 131, 123, 150]"
85,9,car,385,143,"[360, 123, 51, 40]"
85,60,car,691,45,"[669, 27, 44, 36]"
85,86,car,1081,22,"[1062, 0, 39, 45]"
85,103,car,937,166,"[900, 139, 74, 54]"
85,106,car,991,80,"[973, 63, 37, 35]"
85,17,car,992,68,"[965, 38, 54, 61]"
85,107,truck,898,87,"[876, 68, 45, 38]"
85,83,car,683,50,"[656, 28, 54, 44]"
85,74,car,675,61,"[657, 46, 36, 30]"
86,1,car,132,331,"[84, 286, 97, 91]"
86,2,car,295,273,"[250, 240, 90, 67]"
86,3,car,368,246,"[327, 215, 82, 62]"
86,4,car,329,162,"[300, 138, 59, 49]"
86,10,car,946,292,"[897, 249, 99, 86]"
86,11,car,412,190,"[378, 165, 69, 51]"
86,13,truck,897,88,"[873, 69, 49, 38]"
86,14,car,955,200,"[921, 171, 69, 59]"
86,19,car,864,112,"[838, 94, 52, 37]"
86,21,car,455,162,"[426, 141, 58, 43]"
86,37,car,409,483,"[340, 428, 139, 110]"
86,38,car,868,31,"[843, 11, 50, 40]"
86,18,truck,86,164,"[22, 75, 128, 179]"
86,12,bus,206,204,"[145, 129, 123, 151]"
86,9,car,387,142,"[361, 121, 52, 42]"
86,60,car,691,44,"[669, 26, 45, 36]"
86,86,car,1080,22,"[1061, 0, 39, 45]"
86,103,car,937,166,"[901, 139, 73, 54]"
86,106,car,991,81,"[972, 63, 38, 36]"
86,17,car,990,69,"[964, 39, 53, 60]"
86,107,car,898,88,"[875, 69, 46, 38]"
86,83,car,683,50,"[655, 27, 57, 46]"
86,74,car,676,60,"[658, 46, 36, 29]"
87,1,car,133,326,"[83, 280, 100, 93]"
87,2,car,296,272,"[252, 239, 89, 66]"
87,3,car,368,244,"[328, 213, 80, 62]"
87,4,car,330,161,"[301, 137, 59, 49]"
87,10,car,949,293,"[900, 251, 98, 85]"
87,11,car,412,189,"[379, 164, 67, 50]"
87,13,car,896,88,"[872, 69, 48, 38]"
87,14,car,956,201,"[922, 172, 68, 59]"
87,19,car,862,113,"[836, 94, 53, 38]"
87,21,car,455,162,"[427, 141, 57, 42]"
87,37,car,407,480,"[339, 427, 137, 107]"
87,38,car,869,31,"[844, 11, 51, 40]"
87,18,truck,86,164,"[23, 75, 127, 179]"
87,12,bus,207,204,"[145, 128, 124, 152]"
87,60,car,692,42,"[671, 26, 42, 33]"
87,86,car,1079,23,"[1059, 0, 40, 46]"
87,103,car,937,167,"[901, 140, 73, 54]"
87,106,car,990,81,"[971, 63, 38, 37]"
87,17,car,989,72,"[965, 45, 49, 55]"
87,83,car,684,51,"[657, 29, 54, 44]"
87,74,car,677,60,"[658, 45, 38, 30]"
88,1,car,133,324,"[84, 278, 99, 92]"
88,2,car,298,271,"[254, 239, 88, 65]"
88,3,car,368,242,"[328, 212, 80, 61]"
88,4,car,331,160,"[301, 136, 60, 49]"
88,10,car,952,294,"[903, 252, 98, 85]"
88,11,car,413,188,"[380, 163, 67, 50]"
88,13,car,895,89,"[871, 70, 48, 38]"
88,14,car,957,202,"[923, 173, 68, 58]"
88,19,car,861,113,"[835, 95, 53, 37]"
88,21,car,456,162,"[427, 141, 58, 42]"
88,37,car,406,478,"[339, 425, 134, 106]"
88,38,car,871,29,"[845, 9, 53, 41]"
88,18,truck,87,163,"[24, 75, 127, 177]"
88,12,bus,208,203,"[147, 128, 123, 150]"
88,60,car,693,42,"[673, 26, 41, 32]"
88,86,car,1078,23,"[1058, 0, 41, 46]"
88,103,car,937,167,"[901, 141, 72, 53]"
88,106,car,989,82,"[970, 64, 39, 36]"
88,17,car,989,74,"[966, 48, 47, 53]"
88,83,car,683,52,"[659, 33, 49, 39]"
88,74,car,678,58,"[659, 44, 38, 29]"
89,1,car,134,324,"[86, 280, 96, 88]"
89,2,car,300,270,"[256, 238, 88, 65]"
89,3,car,368,241,"[330, 212, 77, 58]"
89,4,car,332,159,"[302, 135, 60, 49]"
89,10,car,954,295,"[904, 252, 101, 87]"
89,11,car,415,187,"[381, 162, 69, 51]"
89,13,car,894,89,"[871, 71, 46, 37]"
89,14,car,958,203,"[923, 174, 70, 59]"
89,19,car,861,114,"[835, 95, 53, 38]"
89,21,car,457,161,"[428, 140, 59, 42]"
89,37,car,404,475,"[338, 423, 133, 105]"
89,38,car,872,29,"[847, 10, 51, 39]"
89,18,truck,89,163,"[26, 75, 126, 176]"
89,12,bus,210,202,"[148, 127, 124, 151]"
89,60,car,695,41,"[675, 26, 40, 31]"
89,103,car,937,168,"[902, 142, 71, 52]"
89,106,car,989,82,"[969, 64, 41, 37]"
89,17,car,988,74,"[965, 48, 47, 53]"
89,83,car,685,54,"[663, 36, 44, 36]"
89,74,car,680,57,"[662, 43, 37, 29]"
90,1,car,135,322,"[86, 277, 98, 91]"
90,2,car,302,270,"[259, 238, 86, 64]"
90,3,car,368,240,"[330, 211, 77, 58]"
90,4,car,333,158,"[303, 134, 60, 49]"
90,10,car,957,297,"[907, 254, 101, 86]"
90,11,car,417,186,"[382, 161, 70, 51]"
90,13,car,894,90,"[871, 72, 46, 36]"
90,14,car,960,204,"[925, 174, 70, 60]"
90,19,car,861,114,"[834, 96, 54, 37]"
90,21,car,459,160,"[430, 139, 58, 43]"
90,37,car,403,473,"[336, 421, 134, 105]"
90,38,car,874,30,"[849, 11, 50, 38]"
90,18,truck,91,161,"[28, 74, 126, 175]"
90,12,bus,211,202,"[149, 127, 124, 151]"
90,60,car,697,41,"[678, 26, 39, 30]"
90,103,car,938,168,"[903, 142, 70, 53]"
90,106,car,989,82,"[968, 64, 42, 37]"
90,17,car,987,70,"[961, 39, 53, 62]"
90,83,car,688,53,"[667, 37, 42, 33]"
90,74,car,683,57,"[665, 43, 37, 28]"
90,86,car,1077,22,"[1056, 0, 42, 45]"
91,1,car,135,315,"[82, 265, 107, 100]"
91,2,car,302,269,"[259, 237, 87, 64]"
91,3,car,369,239,"[331, 210, 77, 58]"
91,4,car,335,157,"[305, 132, 61, 50]"
91,10,car,960,298,"[910, 256, 100, 85]"
91,11,car,418,186,"[383, 161, 70, 51]"
91,13,car,893,91,"[871, 73, 45, 36]"
91,14,car,962,204,"[927, 175, 70, 59]"
91,19,car,860,115,"[834, 96, 53, 38]"
91,21,car,459,159,"[429, 137, 61, 44]"
91,37,car,401,470,"[334, 417, 135, 107]"
91,38,car,876,31,"[851, 12, 50, 38]"
91,18,truck,92,161,"[30, 74, 125, 174]"
91,12,bus,212,201,"[151, 127, 123, 149]"
91,60,car,700,39,"[681, 25, 38, 28]"
91,103,car,938,168,"[904, 142, 69, 53]"
91,106,car,988,83,"[967, 64, 42, 38]"
91,17,car,986,65,"[961, 36, 50, 58]"
91,74,car,685,57,"[667, 43, 37, 28]"
91,86,car,1076,23,"[1055, 0, 42, 46]"
91,5,car,962,16,"[944, 1, 37, 30]"
91,20,car,434,121,"[410, 102, 49, 39]"
92,1,car,136,311,"[81, 259, 111, 105]"
92,2,car,303,267,"[260, 236, 86, 63]"
92,3,car,370,236,"[332, 208, 76, 57]"
92,4,car,336,157,"[306, 132, 61, 50]"
92,10,car,962,300,"[912, 257, 101, 86]"
92,11,car,418,186,"[384, 160, 69, 52]"
92,13,car,892,91,"[869, 73, 47, 36]"
92,14,car,963,205,"[928, 175, 70, 60]"
92,19,car,860,115,"[833, 96, 54, 38]"
92,21,car,460,158,"[430, 136, 61, 45]"
92,37,car,399,468,"[332, 415, 134, 106]"
92,38,car,878,29,"[853, 10, 51, 39]"
92,18,truck,93,161,"[31, 74, 125, 174]"
92,12,bus,213,200,"[152, 126, 123, 149]"
92,60,car,702,39,"[683, 25, 38, 28]"
92,103,car,939,169,"[905, 143, 68, 52]"
92,106,car,987,83,"[966, 65, 42, 37]"
92,17,car,984,63,"[960, 35, 48, 56]"
92,74,car,686,56,"[668, 42, 37, 28]"
92,86,car,1074,23,"[1053, 0, 43, 46]"
92,110,car,982,53,"[961, 34, 43, 39]"
92,5,car,963,16,"[945, 1, 36, 30]"
93,1,car,137,310,"[82, 257, 110, 106]"
93,2,car,304,267,"[262, 236, 84, 62]"
93,3,car,370,235,"[331, 206, 78, 58]"
93,4,car,338,157,"[308, 132, 60, 50]"
93,10,car,964,301,"[913, 258, 103, 87]"
93,11,car,419,185,"[385, 160, 68, 51]"
93,13,car,891,92,"[868, 74, 47, 36]"
93,14,car,964,206,"[928, 176, 72, 60]"
93,19,car,859,115,"[832, 96, 54, 39]"
93,21,car,461,158,"[431, 137, 60, 43]"
93,37,car,396,464,"[331, 413, 131, 103]"
93,38,car,880,28,"[854, 8, 52, 40]"
93,18,truck,94,160,"[31, 73, 126, 174]"
93,12,bus,214,201,"[152, 126, 124, 150]"
93,60,car,704,38,"[684, 24, 40, 29]"
93,103,car,938,169,"[905, 143, 67, 52]"
93,106,car,986,83,"[965, 65, 42, 37]"
93,17,car,983,67,"[956, 35, 54, 64]"
93,74,car,688,56,"[669, 42, 38, 28]"
93,86,car,1073,23,"[1051, 0, 44, 47]"
93,5,car,963,16,"[945, 1, 37, 30]"
94,1,car,137,309,"[82, 256, 110, 106]"
94,2,car,305,266,"[263, 235, 85, 63]"
94,3,car,370,234,"[331, 205, 78, 58]"
94,4,car,338,156,"[308, 131, 60, 50]"
94,10,car,966,302,"[915, 258, 103, 89]"
94,11,car,419,184,"[385, 159, 69, 51]"
94,13,car,890,92,"[867, 74, 47, 37]"
94,14,car,965,206,"[929, 176, 72, 61]"
94,19,car,858,116,"[831, 97, 55, 38]"
94,21,car,462,158,"[431, 136, 62, 45]"
94,37,car,394,462,"[329, 411, 131, 103]"
94,38,car,881,27,"[855, 8, 52, 39]"
94,18,truck,95,160,"[32, 73, 126, 174]"
94,12,bus,214,201,"[152, 126, 125, 150]"
94,60,car,705,39,"[684, 24, 42, 30]"
94,103,car,938,170,"[905, 144, 66, 52]"
94,106,car,984,83,"[963, 65, 43, 37]"
94,17,car,981,65,"[956, 34, 51, 62]"
94,74,car,688,56,"[670, 42, 37, 28]"
94,86,car,1072,23,"[1050, 0, 45, 47]"
94,20,car,438,119,"[413, 100, 51, 39]"
94,110,car,979,53,"[958, 34, 43, 39]"
95,1,car,137,308,"[83, 255, 109, 107]"
95,2,car,306,265,"[264, 234, 85, 63]"
95,3,car,370,232,"[331, 203, 79, 59]"
95,4,car,339,155,"[309, 131, 60, 49]"
95,10,car,969,303,"[917, 259, 104, 89]"
95,11,car,421,184,"[387, 159, 69, 51]"
95,13,car,889,93,"[866, 75, 47, 36]"
95,14,car,966,207,"[930, 177, 72, 61]"
95,19,car,858,116,"[830, 97, 56, 39]"
95,21,car,463,157,"[432, 135, 62, 45]"
95,37,car,393,460,"[328, 409, 130, 102]"
95,38,car,881,27,"[856, 8, 51, 39]"
95,18,truck,96,159,"[33, 73, 126, 173]"
95,12,bus,215,200,"[153, 126, 125, 149]"
95,60,car,703,40,"[680, 24, 47, 33]"
95,103,car,939,170,"[906, 144, 66, 53]"
95,106,car,983,85,"[962, 66, 43, 38]"
95,17,car,980,62,"[957, 34, 47, 57]"
95,86,car,1071,24,"[1048, 0, 46, 48]"
95,110,car,979,54,"[957, 34, 44, 40]"
95,83,car,693,53,"[672, 37, 43, 33]"
96,1,car,138,307,"[84, 253, 108, 108]"
96,2,car,307,264,"[265, 233, 85, 63]"
96,3,car,371,232,"[332, 203, 79, 59]"
96,4,car,339,155,"[310, 131, 59, 49]"
96,10,car,972,304,"[920, 260, 104, 89]"
96,11,car,422,183,"[388, 158, 68, 51]"
96,13,car,889,93,"[866, 76, 46, 35]"
96,14,car,967,208,"[931, 178, 73, 60]"
96,19,car,858,116,"[831, 97, 55, 39]"
96,21,car,465,157,"[434, 135, 62, 45]"
96,37,car,391,457,"[326, 407, 130, 101]"
96,38,car,883,28,"[858, 9, 50, 38]"
96,18,truck,96,159,"[34, 73, 125, 172]"
96,12,bus,215,199,"[153, 125, 125, 149]"
96,60,car,703,42,"[678, 24, 51, 36]"
96,103,car,939,171,"[906, 145, 66, 53]"
96,106,car,983,85,"[962, 67, 43, 37]"
96,86,car,1070,24,"[1047, 0, 47, 49]"
96,110,car,978,54,"[956, 34, 44, 40]"
96,83,car,694,54,"[673, 39, 42, 31]"
97,1,car,139,306,"[86, 253, 106, 106]"
97,2,car,309,263,"[267, 232, 85, 62]"
97,3,car,371,232,"[332, 203, 79, 59]"
97,4,car,340,154,"[311, 130, 59, 49]"
97,10,car,974,306,"[922, 262, 104, 88]"
97,11,car,422,182,"[389, 157, 67, 50]"
97,13,car,888,93,"[865, 76, 47, 35]"
97,14,car,969,208,"[932, 177, 74, 62]"
97,19,car,858,117,"[829, 97, 58, 41]"
97,21,car,466,155,"[436, 134, 60, 43]"
97,37,car,390,455,"[325, 405, 130, 101]"
97,18,truck,97,158,"[34, 72, 126, 172]"
97,12,bus,216,199,"[153, 124, 126, 151]"
97,60,car,706,39,"[684, 23, 45, 33]"
97,103,car,942,172,"[909, 146, 66, 53]"
97,106,car,982,85,"[960, 67, 44, 37]"
97,86,car,1069,24,"[1045, 0, 48, 49]"
97,110,car,977,54,"[956, 35, 42, 39]"
97,74,car,692,55,"[673, 41, 39, 29]"
98,1,car,139,305,"[87, 253, 104, 104]"
98,2,car,309,262,"[267, 231, 85, 62]"
98,3,car,371,232,"[332, 202, 79, 60]"
98,10,car,977,308,"[926, 264, 103, 89]"
98,11,car,423,181,"[390, 156, 67, 50]"
98,13,car,888,93,"[865, 76, 46, 35]"
98,14,car,969,209,"[932, 178, 75, 62]"
98,19,car,856,119,"[828, 99, 57, 40]"
98,21,car,466,154,"[436, 132, 61, 45]"
98,37,car,388,453,"[323, 402, 131, 102]"
98,18,truck,97,158,"[35, 72, 125, 172]"
98,12,bus,217,198,"[154, 123, 126, 151]"
98,60,car,709,38,"[687, 23, 44, 31]"
98,103,car,942,172,"[910, 146, 65, 53]"
98,106,car,981,85,"[959, 67, 44, 37]"
98,86,car,1067,25,"[1043, 1, 48, 49]"
98,110,car,976,55,"[955, 36, 42, 38]"
98,113,car,706,43,"[678, 24, 56, 39]"
98,114,car,597,65,"[571, 44, 53, 43]"
98,74,car,694,55,"[674, 41, 40, 29]"
99,1,car,140,303,"[89, 253, 102, 101]"
99,2,car,311,259,"[269, 229, 84, 61]"
99,3,car,372,232,"[333, 202, 78, 60]"
99,10,car,979,309,"[927, 265, 105, 89]"
99,11,car,424,180,"[391, 156, 66, 49]"
99,13,car,888,93,"[865, 76, 46, 35]"
99,14,car,971,210,"[934, 179, 75, 62]"
99,19,car,855,120,"[827, 100, 57, 40]"
99,21,car,467,154,"[437, 132, 61, 44]"
99,37,car,387,450,"[322, 399, 131, 102]"
99,18,truck,99,157,"[36, 71, 126, 173]"
99,12,bus,217,197,"[155, 123, 125, 149]"
99,60,car,711,38,"[690, 23, 42, 30]"
99,103,car,943,173,"[910, 146, 66, 54]"
99,106,car,981,86,"[959, 68, 44, 37]"
99,86,car,1065,25,"[1041, 0, 49, 50]"
99,110,car,974,55,"[953, 36, 43, 39]"
99,113,car,705,45,"[675, 24, 60, 42]"
99,74,car,696,55,"[676, 41, 40, 28]"
99,4,car,344,155,"[315, 131, 58, 48]"
100,1,car,141,303,"[91, 253, 100, 101]"
100,2,car,312,258,"[270, 228, 84, 61]"
100,3,car,372,231,"[334, 202, 77, 58]"
100,10,car,982,311,"[930, 267, 105, 88]"
100,11,car,425,180,"[392, 155, 67, 50]"
100,13,car,887,93,"[864, 76, 47, 35]"
100,14,car,973,211,"[936, 180, 75, 62]"
100,19,car,854,120,"[826, 100, 57, 41]"
100,21,car,468,153,"[437, 131, 62, 45]"
100,37,car,386,448,"[322, 398, 128, 101]"
100,18,truck,100,157,"[37, 71, 126, 173]"
100,12,bus,219,196,"[156, 121, 126, 150]"
100,60,car,712,38,"[692, 24, 41, 28]"
100,103,car,943,173,"[910, 146, 66, 55]"
100,106,car,980,86,"[958, 67, 45, 38]"
100,86,car,1064,25,"[1040, 0, 49, 50]"
100,110,car,975,58,"[952, 38, 47, 41]"
100,113,car,706,46,"[675, 24, 62, 44]"
100,74,car,697,55,"[678, 41, 39, 28]"
100,117,car,461,699,"[352, 681, 218, 37]"
100,4,car,344,154,"[316, 130, 57, 48]"
100,17,car,976,69,"[950, 37, 53, 65]"
100,83,car,702,52,"[678, 34, 49, 36]"
100,114,car,598,68,"[568, 44, 60, 49]"
