frame_number,timestamp_seconds,objects_detected,active_tracks,processing_time_ms,fps,contour_count_raw,contour_count_filtered,inference_time_ms,class_counts,roi_objects,roi_class_counts,entered,exited,circle_count,rectangle_count,triangle_count,other_count,active_vehicles,vehicle_class_counts,direction_a,direction_b,total_crossings,line_orientation
1,0.0,20,20,3020.296300004702,0.33109334339099217,,,3013.402899960056,"{""car"": 18, ""bus"": 2}",20,"{""car"": 18, ""bus"": 2}",0,0,0,0,0,0,20,"{""car"": 18, ""truck"": 0, ""bus"": 2, ""motorcycle"": 0, ""bicycle"": 0}",0,0,0,horizontal
2,0.04,19,19,37.5736000132747,26.61443139988453,,,33.72270002728328,"{""car"": 17, ""bus"": 2}",19,"{""car"": 17, ""bus"": 2}",0,0,0,0,0,0,19,"{""car"": 17, ""truck"": 0, ""bus"": 2, ""motorcycle"": 0, ""bicycle"": 0}",0,0,0,horizontal
3,0.08,21,21,38.004100031685084,26.312950422882583,,,34.111600019969046,"{""car"": 17, ""bus"": 2, ""truck"": 2}",21,"{""car"": 17, ""bus"": 2, ""truck"": 2}",0,0,0,0,0,0,21,"{""car"": 17, ""truck"": 2, ""bus"": 2, ""motorcycle"": 0, ""bicycle"": 0}",0,0,0,horizontal
4,0.12,21,21,38.2256000302732,26.160478820686624,,,33.73000002466142,"{""car"": 17, ""bus"": 2, ""truck"": 2}",21,"{""car"": 17, ""bus"": 2, ""truck"": 2}",0,0,0,0,0,0,21,"{""car"": 17, ""truck"": 2, ""bus"": 2, ""motorcycle"": 0, ""bicycle"": 0}",0,0,0,horizontal
5,0.16,21,21,37.559199961833656,26.6246352695522,,,33.60539994901046,"{""car"": 18, ""bus"": 2, ""truck"": 1}",21,"{""car"": 18, ""bus"": 2, ""truck"": 1}",0,0,0,0,0,0,21,"{""car"": 18, ""truck"": 1, ""bus"": 2, ""motorcycle"": 0, ""bicycle"": 0}",0,0,0,horizontal
6,0.2,21,21,37.53989998949692,26.638323497925793,,,33.13479997450486,"{""car"": 19, ""bus"": 1, ""truck"": 1}",21,"{""car"": 19, ""bus"": 1, ""truck"": 1}",0,0,0,0,0,0,21,"{""car"": 19, ""truck"": 1, ""bus"": 1, ""motorcycle"": 0, ""bicycle"": 0}",0,0,0,horizontal
7,0.24,22,22,40.457499970216304,24.717295946021686,,,36.028699949383736,"{""car"": 19, ""bus"": 1, ""truck"": 2}",22,"{""car"": 19, ""bus"": 1, ""truck"": 2}",0,0,0,0,0,0,22,"{""car"": 19, ""truck"": 2, ""bus"": 1, ""motorcycle"": 0, ""bicycle"": 0}",0,0,0,horizontal
8,0.28,22,22,36.95149999111891,27.062500852207478,,,32.89309999672696,"{""car"": 19, ""bus"": 1, ""truck"": 2}",22,"{""car"": 19, ""bus"": 1, ""truck"": 2}",0,0,0,0,0,0,22,"{""car"": 19, ""truck"": 2, ""bus"": 1, ""motorcycle"": 0, ""bicycle"": 0}",0,0,0,horizontal
9,0.32,22,22,38.2621000171639,26.135523129974896,,,34.08389998367056,"{""car"": 19, ""bus"": 2, ""truck"": 1}",22,"{""car"": 19, ""bus"": 2, ""truck"": 1}",0,0,0,0,0,0,22,"{""car"": 19, ""truck"": 1, ""bus"": 2, ""motorcycle"": 0, ""bicycle"": 0}",0,0,0,horizontal
10,0.36,23,23,38.4360000025481,26.017275469187883,,,34.00439996039495,"{""car"": 20, ""bus"": 1, ""truck"": 2}",23,"{""car"": 20, ""bus"": 1, ""truck"": 2}",0,0,0,0,0,0,23,"{""car"": 20, ""truck"": 2, ""bus"": 1, ""motorcycle"": 0, ""bicycle"": 0}",0,0,0,horizontal
11,0.4,22,22,35.553099995013326,28.12694252091266,,,31.561399984639138,"{""car"": 18, ""bus"": 2, ""truck"": 2}",22,"{""car"": 18, ""bus"": 2, ""truck"": 2}",0,0,0,0,0,0,22,"{""car"": 18, ""truck"": 2, ""bus"": 2, ""motorcycle"": 0, ""bicycle"": 0}",0,0,0,horizontal
12,0.44,21,21,36.128000007010996,27.679362262121902,,,32.89150004275143,"{""car"": 18, ""bus"": 2, ""truck"": 1}",21,"{""car"": 18, ""bus"": 2, ""truck"": 1}",0,0,0,0,0,0,21,"{""car"": 18, ""truck"": 1, ""bus"": 2, ""motorcycle"": 0, ""bicycle"": 0}",0,0,0,horizontal
13,0.48,20,20,37.87000000011176,26.40612622120541,,,33.84419996291399,"{""car"": 17, ""bus"": 2, ""truck"": 1}",20,"{""car"": 17, ""bus"": 2, ""truck"": 1}",0,0,0,0,0,0,20,"{""car"": 17, ""truck"": 1, ""bus"": 2, ""motorcycle"": 0, ""bicycle"": 0}",0,0,0,horizontal
14,0.52,21,21,37.584599980618805,26.60664209584959,,,33.46850001253188,"{""car"": 18, ""bus"": 2, ""truck"": 1}",21,"{""car"": 18, ""bus"": 2, ""truck"": 1}",0,0,0,0,0,0,21,"{""car"": 18, ""truck"": 1, ""bus"": 2, ""motorcycle"": 0, ""bicycle"": 0}",0,0,0,horizontal
15,0.56,23,23,36.65020002517849,27.284980690774002,,,32.422900025267154,"{""car"": 21, ""bus"": 1, ""truck"": 1}",23,"{""car"": 21, ""bus"": 1, ""truck"": 1}",0,0,0,0,0,0,23,"{""car"": 21, ""truck"": 1, ""bus"": 1, ""motorcycle"": 0, ""bicycle"": 0}",0,0,0,horizontal
16,0.6,22,22,37.67239995067939,26.544632179239905,,,33.376799954567105,"{""car"": 19, ""bus"": 1, ""truck"": 2}",22,"{""car"": 19, ""bus"": 1, ""truck"": 2}",0,0,0,0,0,0,22,"{""car"": 19, ""truck"": 2, ""bus"": 1, ""motorcycle"": 0, ""bicycle"": 0}",0,0,0,horizontal
17,0.64,22,22,37.25230001145974,26.84398009498407,,,33.08990004006773,"{""car"": 20, ""truck"": 2}",22,"{""car"": 20, ""truck"": 2}",0,0,0,0,0,0,22,"{""car"": 20, ""truck"": 2, ""bus"": 0, ""motorcycle"": 0, ""bicycle"": 0}",0,0,0,horizontal
18,0.68,20,20,36.86130000278354,27.128723076084842,,,32.96440001577139,"{""car"": 18, ""truck"": 2}",20,"{""car"": 18, ""truck"": 2}",0,0,0,0,0,0,20,"{""car"": 18, ""truck"": 2, ""bus"": 0, ""motorcycle"": 0, ""bicycle"": 0}",0,0,0,horizontal
19,0.72,20,20,36.94040002301335,27.070632677962717,,,32.98180003184825,"{""car"": 18, ""truck"": 2}",20,"{""car"": 18, ""truck"": 2}",0,0,0,0,0,0,20,"{""car"": 18, ""truck"": 2, ""bus"": 0, ""motorcycle"": 0, ""bicycle"": 0}",0,0,0,horizontal
20,0.76,21,21,35.21619999082759,28.396022292594317,,,31.41470003174618,"{""car"": 19, ""truck"": 2}",21,"{""car"": 19, ""truck"": 2}",0,0,0,0,0,0,21,"{""car"": 19, ""truck"": 2, ""bus"": 0, ""motorcycle"": 0, ""bicycle"": 0}",0,0,0,horizontal
21,0.8,20,20,49.96249999385327,20.015011260906217,,,44.76870002690703,"{""car"": 18, ""truck"": 2}",20,"{""car"": 18, ""truck"": 2}",0,0,0,0,0,0,20,"{""car"": 18, ""truck"": 2, ""bus"": 0, ""motorcycle"": 0, ""bicycle"": 0}",0,0,0,horizontal
22,0.84,21,21,43.35440002614632,23.065709579579387,,,38.883699977304786,"{""car"": 19, ""truck"": 2}",21,"{""car"": 19, ""truck"": 2}",0,0,0,0,0,0,21,"{""car"": 19, ""truck"": 2, ""bus"": 0, ""motorcycle"": 0, ""bicycle"": 0}",0,0,0,horizontal
23,0.88,21,21,41.83199995895848,23.90514441052552,,,37.74290002183989,"{""car"": 19, ""truck"": 2}",21,"{""car"": 19, ""truck"": 2}",0,0,0,0,0,0,21,"{""car"": 19, ""truck"": 2, ""bus"": 0, ""motorcycle"": 0, ""bicycle"": 0}",0,0,0,horizontal
24,0.92,20,20,37.03250002581626,27.003307886393724,,,32.6844000373967,"{""car"": 18, ""truck"": 2}",20,"{""car"": 18, ""truck"": 2}",0,0,0,0,0,0,20,"{""car"": 18, ""truck"": 2, ""bus"": 0, ""motorcycle"": 0, ""bicycle"": 0}",0,0,0,horizontal
25,0.96,21,21,40.384799998719245,24.76179156592861,,,36.34089999832213,"{""car"": 19, ""truck"": 2}",21,"{""car"": 19, ""truck"": 2}",0,0,0,0,0,0,21,"{""car"": 19, ""truck"": 2, ""bus"": 0, ""motorcycle"": 0, ""bicycle"": 0}",0,0,0,horizontal
26,1.0,21,21,38.14819996478036,26.21355662713397,,,34.178400004748255,"{""car"": 19, ""truck"": 2}",21,"{""car"": 19, ""truck"": 2}",0,0,0,0,0,0,21,"{""car"": 19, ""truck"": 2, ""bus"": 0, ""motorcycle"": 0, ""bicycle"": 0}",0,0,0,horizontal
27,1.04,19,19,40.295900020282716,24.816420516644513,,,36.433300003409386,"{""car"": 17, ""truck"": 2}",19,"{""car"": 17, ""truck"": 2}",0,0,0,0,0,0,19,"{""car"": 17, ""truck"": 2, ""bus"": 0, ""motorcycle"": 0, ""bicycle"": 0}",0,0,0,horizontal
28,1.08,19,19,39.4285999936983,25.36230046615466,,,36.20120004052296,"{""car"": 17, ""truck"": 2}",19,"{""car"": 17, ""truck"": 2}",0,0,0,0,0,0,19,"{""car"": 17, ""truck"": 2, ""bus"": 0, ""motorcycle"": 0, ""bicycle"": 0}",0,0,0,horizontal
29,1.12,19,19,38.85820001596585,25.734593974737002,,,35.08440003497526,"{""car"": 17, ""truck"": 2}",19,"{""car"": 17, ""truck"": 2}",0,0,0,0,0,0,19,"{""car"": 17, ""truck"": 2, ""bus"": 0, ""motorcycle"": 0, ""bicycle"": 0}",0,0,0,horizontal
30,1.16,19,19,37.64039999805391,26.56719907470968,,,33.8369999662973,"{""car"": 17, ""truck"": 2}",19,"{""car"": 17, ""truck"": 2}",0,0,0,0,0,0,19,"{""car"": 17, ""truck"": 2, ""bus"": 0, ""motorcycle"": 0, ""bicycle"": 0}",0,0,0,horizontal
31,1.2,20,20,35.65909998724237,28.043332567500762,,,31.739300000481308,"{""car"": 18, ""truck"": 2}",20,"{""car"": 18, ""truck"": 2}",0,0,0,0,0,0,20,"{""car"": 18, ""truck"": 2, ""bus"": 0, ""motorcycle"": 0, ""bicycle"": 0}",0,0,0,horizontal
32,1.24,20,20,36.92549996776506,27.08155612985531,,,32.89199998835102,"{""car"": 18, ""truck"": 2}",20,"{""car"": 18, ""truck"": 2}",0,0,0,0,0,0,20,"{""car"": 18, ""truck"": 2, ""bus"": 0, ""motorcycle"": 0, ""bicycle"": 0}",0,0,0,horizontal
33,1.28,19,19,35.42269999161363,28.230484978184933,,,32.27239998523146,"{""car"": 17, ""truck"": 2}",19,"{""car"": 17, ""truck"": 2}",0,0,0,0,0,0,19,"{""car"": 17, ""truck"": 2, ""bus"": 0, ""motorcycle"": 0, ""bicycle"": 0}",0,0,0,horizontal
34,1.32,20,20,36.932900024112314,27.07612993691619,,,33.036999986507,"{""car"": 18, ""truck"": 2}",20,"{""car"": 18, ""truck"": 2}",0,0,0,0,0,0,20,"{""car"": 18, ""truck"": 2, ""bus"": 0, ""motorcycle"": 0, ""bicycle"": 0}",0,0,0,horizontal
35,1.36,21,21,36.61959996679798,27.307780557588657,,,32.46219997527078,"{""car"": 19, ""truck"": 2}",21,"{""car"": 19, ""truck"": 2}",0,0,0,0,0,0,21,"{""car"": 19, ""truck"": 2, ""bus"": 0, ""motorcycle"": 0, ""bicycle"": 0}",0,0,0,horizontal
36,1.4,21,21,37.56939998129383,26.61740673255122,,,33.516100025735795,"{""car"": 19, ""truck"": 2}",21,"{""car"": 19, ""truck"": 2}",0,0,0,0,0,0,21,"{""car"": 19, ""truck"": 2, ""bus"": 0, ""motorcycle"": 0, ""bicycle"": 0}",0,0,0,horizontal
37,1.44,21,21,37.7604000386782,26.482770282510092,,,33.58599997591227,"{""car"": 19, ""truck"": 2}",21,"{""car"": 19, ""truck"": 2}",0,0,0,0,0,0,21,"{""car"": 19, ""truck"": 2, ""bus"": 0, ""motorcycle"": 0, ""bicycle"": 0}",0,0,0,horizontal
38,1.48,19,19,35.8919000136666,27.861439478523813,,,32.49470004811883,"{""car"": 17, ""truck"": 2}",19,"{""car"": 17, ""truck"": 2}",0,0,0,0,0,0,19,"{""car"": 17, ""truck"": 2, ""bus"": 0, ""motorcycle"": 0, ""bicycle"": 0}",0,0,0,horizontal
39,1.52,19,19,36.95959999458864,27.056569880258788,,,33.05999998701736,"{""car"": 17, ""bus"": 1, ""truck"": 1}",19,"{""car"": 17, ""bus"": 1, ""truck"": 1}",0,0,0,0,0,0,19,"{""car"": 17, ""truck"": 1, ""bus"": 1, ""motorcycle"": 0, ""bicycle"": 0}",0,0,0,horizontal
40,1.56,21,21,37.50949999084696,26.659912828590603,,,33.32129999762401,"{""car"": 19, ""truck"": 2}",21,"{""car"": 19, ""truck"": 2}",0,0,0,0,0,0,21,"{""car"": 19, ""truck"": 2, ""bus"": 0, ""motorcycle"": 0, ""bicycle"": 0}",0,0,0,horizontal
41,1.6,21,21,38.55430003022775,25.93744405205047,,,34.28900003200397,"{""car"": 19, ""truck"": 2}",21,"{""car"": 19, ""truck"": 2}",0,0,0,0,0,0,21,"{""car"": 19, ""truck"": 2, ""bus"": 0, ""motorcycle"": 0, ""bicycle"": 0}",0,0,0,horizontal
42,1.64,21,21,36.80360002908856,27.171254964449876,,,33.088100026361644,"{""car"": 19, ""truck"": 2}",21,"{""car"": 19, ""truck"": 2}",0,0,0,0,0,0,21,"{""car"": 19, ""truck"": 2, ""bus"": 0, ""motorcycle"": 0, ""bicycle"": 0}",0,0,0,horizontal
43,1.68,21,21,37.2565999859944,26.840881894105276,,,33.107199997175485,"{""car"": 19, ""truck"": 2}",21,"{""car"": 19, ""truck"": 2}",0,0,0,0,0,0,21,"{""car"": 19, ""truck"": 2, ""bus"": 0, ""motorcycle"": 0, ""bicycle"": 0}",0,0,0,horizontal
44,1.72,21,21,37.38000005250797,26.75227390570606,,,33.27979997266084,"{""car"": 19, ""truck"": 2}",21,"{""car"": 19, ""truck"": 2}",0,0,0,0,0,0,21,"{""car"": 19, ""truck"": 2, ""bus"": 0, ""motorcycle"": 0, ""bicycle"": 0}",0,0,0,horizontal
45,1.76,19,19,36.46629996364936,27.422579230599986,,,32.57769998162985,"{""car"": 17, ""truck"": 2}",19,"{""car"": 17, ""truck"": 2}",0,1,0,0,0,0,19,"{""car"": 17, ""truck"": 2, ""bus"": 0, ""motorcycle"": 0, ""bicycle"": 0}",0,1,1,horizontal
46,1.8,19,19,37.157999991904944,26.91210507072111,,,33.20110001368448,"{""car"": 17, ""truck"": 2}",19,"{""car"": 17, ""truck"": 2}",0,1,0,0,0,0,19,"{""car"": 17, ""truck"": 2, ""bus"": 0, ""motorcycle"": 0, ""bicycle"": 0}",0,1,1,horizontal
47,1.84,19,19,36.57509997719899,27.34100523644235,,,32.7271000132896,"{""car"": 17, ""truck"": 2}",19,"{""car"": 17, ""truck"": 2}",0,1,0,0,0,0,19,"{""car"": 17, ""truck"": 2, ""bus"": 0, ""motorcycle"": 0, ""bicycle"": 0}",0,1,1,horizontal
48,1.88,19,19,39.42510002525523,25.36455200771621,,,35.51969997351989,"{""car"": 17, ""truck"": 2}",19,"{""car"": 17, ""truck"": 2}",0,1,0,0,0,0,19,"{""car"": 17, ""truck"": 2, ""bus"": 0, ""motorcycle"": 0, ""bicycle"": 0}",0,1,1,horizontal
49,1.92,19,19,37.26690000621602,26.83346347115544,,,33.344399998895824,"{""car"": 17, ""truck"": 2}",19,"{""car"": 17, ""truck"": 2}",0,1,0,0,0,0,19,"{""car"": 17, ""truck"": 2, ""bus"": 0, ""motorcycle"": 0, ""bicycle"": 0}",0,1,1,horizontal
50,1.96,18,18,75.15639998018742,13.305586753272085,,,67.96940002823249,"{""car"": 16, ""truck"": 2}",18,"{""car"": 16, ""truck"": 2}",0,1,0,0,0,0,18,"{""car"": 16, ""truck"": 2, ""bus"": 0, ""motorcycle"": 0, ""bicycle"": 0}",0,1,1,horizontal
51,2.0,19,19,38.8208000222221,25.759386705775572,,,34.779699984937906,"{""car"": 17, ""truck"": 2}",19,"{""car"": 17, ""truck"": 2}",0,1,0,0,0,0,19,"{""car"": 17, ""truck"": 2, ""bus"": 0, ""motorcycle"": 0, ""bicycle"": 0}",0,1,1,horizontal
52,2.04,19,19,35.94999999040738,27.816411690315224,,,31.979599967598915,"{""car"": 17, ""truck"": 2}",19,"{""car"": 17, ""truck"": 2}",0,1,0,0,0,0,19,"{""car"": 17, ""truck"": 2, ""bus"": 0, ""motorcycle"": 0, ""bicycle"": 0}",0,1,1,horizontal
53,2.08,18,18,37.02930000144988,27.005641477447455,,,33.11349998693913,"{""car"": 16, ""truck"": 2}",18,"{""car"": 16, ""truck"": 2}",0,1,0,0,0,0,18,"{""car"": 16, ""truck"": 2, ""bus"": 0, ""motorcycle"": 0, ""bicycle"": 0}",0,1,1,horizontal
54,2.12,19,19,35.996299993712455,27.78063301435625,,,32.01600001193583,"{""car"": 16, ""truck"": 3}",19,"{""car"": 16, ""truck"": 3}",0,1,0,0,0,0,19,"{""car"": 16, ""truck"": 3, ""bus"": 0, ""motorcycle"": 0, ""bicycle"": 0}",0,1,1,horizontal
55,2.16,19,19,36.810300021898,27.16630941353676,,,32.853699987754226,"{""car"": 16, ""truck"": 3}",19,"{""car"": 16, ""truck"": 3}",0,1,0,0,0,0,19,"{""car"": 16, ""truck"": 3, ""bus"": 0, ""motorcycle"": 0, ""bicycle"": 0}",0,1,1,horizontal
56,2.2,20,20,37.549100001342595,26.63179676648027,,,33.434799988754094,"{""car"": 17, ""truck"": 3}",20,"{""car"": 17, ""truck"": 3}",0,1,0,0,0,0,20,"{""car"": 17, ""truck"": 3, ""bus"": 0, ""motorcycle"": 0, ""bicycle"": 0}",0,1,1,horizontal
57,2.24,20,20,37.362499977461994,26.764804298513894,,,33.16320001613349,"{""car"": 17, ""truck"": 3}",20,"{""car"": 17, ""truck"": 3}",0,1,0,0,0,0,20,"{""car"": 17, ""truck"": 3, ""bus"": 0, ""motorcycle"": 0, ""bicycle"": 0}",0,1,1,horizontal
58,2.28,21,21,38.0330000189133,26.29295610398111,,,33.802199992351234,"{""car"": 18, ""truck"": 3}",21,"{""car"": 18, ""truck"": 3}",0,1,0,0,0,0,21,"{""car"": 18, ""truck"": 3, ""bus"": 0, ""motorcycle"": 0, ""bicycle"": 0}",0,1,1,horizontal
59,2.32,21,21,36.48719994816929,27.40687148974209,,,32.44600002653897,"{""car"": 18, ""truck"": 3}",21,"{""car"": 18, ""truck"": 3}",0,1,0,0,0,0,21,"{""car"": 18, ""truck"": 3, ""bus"": 0, ""motorcycle"": 0, ""bicycle"": 0}",0,1,1,horizontal
60,2.36,21,21,37.21249999944121,26.87269062855267,,,33.10289996443316,"{""car"": 19, ""truck"": 2}",21,"{""car"": 19, ""truck"": 2}",0,1,0,0,0,0,21,"{""car"": 19, ""truck"": 2, ""bus"": 0, ""motorcycle"": 0, ""bicycle"": 0}",0,1,1,horizontal
61,2.4,20,20,37.22960001323372,26.86034767079253,,,33.204899984411895,"{""car"": 18, ""truck"": 2}",20,"{""car"": 18, ""truck"": 2}",0,1,0,0,0,0,20,"{""car"": 18, ""truck"": 2, ""bus"": 0, ""motorcycle"": 0, ""bicycle"": 0}",0,1,1,horizontal
62,2.44,19,19,36.704600031953305,27.244541532381415,,,33.59639999689534,"{""car"": 17, ""truck"": 2}",19,"{""car"": 17, ""truck"": 2}",0,1,0,0,0,0,19,"{""car"": 17, ""truck"": 2, ""bus"": 0, ""motorcycle"": 0, ""bicycle"": 0}",0,1,1,horizontal
63,2.48,18,18,37.48170001199469,26.67968634506934,,,33.26359996572137,"{""car"": 16, ""truck"": 2}",18,"{""car"": 16, ""truck"": 2}",0,1,0,0,0,0,18,"{""car"": 16, ""truck"": 2, ""bus"": 0, ""motorcycle"": 0, ""bicycle"": 0}",0,1,1,horizontal
64,2.52,21,21,37.26479999022558,26.834975640880838,,,33.37580000516027,"{""car"": 19, ""truck"": 2}",21,"{""car"": 19, ""truck"": 2}",0,1,0,0,0,0,21,"{""car"": 19, ""truck"": 2, ""bus"": 0, ""motorcycle"": 0, ""bicycle"": 0}",0,1,1,horizontal
65,2.56,19,19,36.69640002772212,27.250629468954852,,,32.83869998995215,"{""car"": 17, ""truck"": 2}",19,"{""car"": 17, ""truck"": 2}",0,1,0,0,0,0,19,"{""car"": 17, ""truck"": 2, ""bus"": 0, ""motorcycle"": 0, ""bicycle"": 0}",0,1,1,horizontal
66,2.6,19,19,36.98660002555698,27.036818721077918,,,33.173699979670346,"{""car"": 17, ""truck"": 2}",19,"{""car"": 17, ""truck"": 2}",0,1,0,0,0,0,19,"{""car"": 17, ""truck"": 2, ""bus"": 0, ""motorcycle"": 0, ""bicycle"": 0}",0,1,1,horizontal
67,2.64,20,20,36.44900000654161,27.435594935952345,,,32.50370000023395,"{""car"": 18, ""truck"": 2}",20,"{""car"": 18, ""truck"": 2}",0,1,0,0,0,0,20,"{""car"": 18, ""truck"": 2, ""bus"": 0, ""motorcycle"": 0, ""bicycle"": 0}",0,1,1,horizontal
68,2.68,21,21,38.50809996947646,25.96856247887204,,,34.62669998407364,"{""car"": 19, ""truck"": 2}",21,"{""car"": 19, ""truck"": 2}",0,1,0,0,0,0,21,"{""car"": 19, ""truck"": 2, ""bus"": 0, ""motorcycle"": 0, ""bicycle"": 0}",0,1,1,horizontal
69,2.72,20,20,36.08740004710853,27.71050279861112,,,32.23969996906817,"{""car"": 18, ""truck"": 2}",20,"{""car"": 18, ""truck"": 2}",0,1,0,0,0,0,20,"{""car"": 18, ""truck"": 2, ""bus"": 0, ""motorcycle"": 0, ""bicycle"": 0}",0,1,1,horizontal
70,2.76,20,20,37.69799997098744,26.526606206419565,,,33.593200030736625,"{""car"": 18, ""truck"": 2}",20,"{""car"": 18, ""truck"": 2}",0,1,0,0,0,0,20,"{""car"": 18, ""truck"": 2, ""bus"": 0, ""motorcycle"": 0, ""bicycle"": 0}",0,1,1,horizontal
71,2.8,21,21,37.14690002379939,26.9201467513929,,,33.21620001224801,"{""car"": 19, ""truck"": 2}",21,"{""car"": 19, ""truck"": 2}",0,1,0,0,0,0,21,"{""car"": 19, ""truck"": 2, ""bus"": 0, ""motorcycle"": 0, ""bicycle"": 0}",0,1,1,horizontal
72,2.84,20,20,37.65489999204874,26.55696868697464,,,33.695199992507696,"{""car"": 18, ""truck"": 2}",20,"{""car"": 18, ""truck"": 2}",0,1,0,0,0,0,20,"{""car"": 18, ""truck"": 2, ""bus"": 0, ""motorcycle"": 0, ""bicycle"": 0}",0,1,1,horizontal
73,2.88,20,20,36.61320003448054,27.312553916572394,,,32.677399984095246,"{""car"": 18, ""truck"": 2}",20,"{""car"": 18, ""truck"": 2}",0,1,0,0,0,0,20,"{""car"": 18, ""truck"": 2, ""bus"": 0, ""motorcycle"": 0, ""bicycle"": 0}",0,1,1,horizontal
74,2.92,21,21,40.116699994541705,24.927274679524,,,36.187599995173514,"{""car"": 19, ""truck"": 2}",21,"{""car"": 19, ""truck"": 2}",0,1,0,0,0,0,21,"{""car"": 19, ""truck"": 2, ""bus"": 0, ""motorcycle"": 0, ""bicycle"": 0}",0,1,1,horizontal
75,2.96,20,20,37.10519999731332,26.950400484902577,,,33.270000014454126,"{""car"": 18, ""bus"": 1, ""truck"": 1}",20,"{""car"": 18, ""bus"": 1, ""truck"": 1}",0,1,0,0,0,0,20,"{""car"": 18, ""truck"": 1, ""bus"": 1, ""motorcycle"": 0, ""bicycle"": 0}",0,1,1,horizontal
76,3.0,22,22,37.912300031166524,26.37666401610905,,,33.5462000221014,"{""car"": 19, ""bus"": 1, ""truck"": 2}",22,"{""car"": 19, ""bus"": 1, ""truck"": 2}",0,1,0,0,0,0,22,"{""car"": 19, ""truck"": 2, ""bus"": 1, ""motorcycle"": 0, ""bicycle"": 0}",0,1,1,horizontal
77,3.04,21,21,37.56750002503395,26.618752893688093,,,33.18909998051822,"{""car"": 18, ""bus"": 1, ""truck"": 2}",21,"{""car"": 18, ""bus"": 1, ""truck"": 2}",0,1,0,0,0,0,21,"{""car"": 18, ""truck"": 2, ""bus"": 1, ""motorcycle"": 0, ""bicycle"": 0}",0,1,1,horizontal
78,3.08,20,20,37.05499996431172,26.98691137398776,,,33.229399996344,"{""car"": 19, ""truck"": 1}",20,"{""car"": 19, ""truck"": 1}",0,1,0,0,0,0,20,"{""car"": 19, ""truck"": 1, ""bus"": 0, ""motorcycle"": 0, ""bicycle"": 0}",0,1,1,horizontal
79,3.12,20,20,37.02199994586408,27.010966491876815,,,33.10629999032244,"{""car"": 18, ""truck"": 2}",20,"{""car"": 18, ""truck"": 2}",0,1,0,0,0,0,20,"{""car"": 18, ""truck"": 2, ""bus"": 0, ""motorcycle"": 0, ""bicycle"": 0}",0,1,1,horizontal
80,3.16,21,21,37.10040001897141,26.95388727584195,,,32.98799996264279,"{""car"": 19, ""truck"": 2}",21,"{""car"": 19, ""truck"": 2}",0,1,0,0,0,0,21,"{""car"": 19, ""truck"": 2, ""bus"": 0, ""motorcycle"": 0, ""bicycle"": 0}",0,1,1,horizontal
81,3.2,20,20,36.88199998578057,27.113497109309108,,,32.88120002252981,"{""car"": 18, ""truck"": 2}",20,"{""car"": 18, ""truck"": 2}",0,1,0,0,0,0,20,"{""car"": 18, ""truck"": 2, ""bus"": 0, ""motorcycle"": 0, ""bicycle"": 0}",0,1,1,horizontal
82,3.24,19,19,37.63599996455014,26.570305052128646,,,33.42980000888929,"{""car"": 17, ""truck"": 2}",19,"{""car"": 17, ""truck"": 2}",0,1,0,0,0,0,19,"{""car"": 17, ""truck"": 2, ""bus"": 0, ""motorcycle"": 0, ""bicycle"": 0}",0,1,1,horizontal
83,3.28,18,18,35.64449999248609,28.05481912246774,,,31.621100031770766,"{""car"": 16, ""truck"": 2}",18,"{""car"": 16, ""truck"": 2}",0,1,0,0,0,0,18,"{""car"": 16, ""truck"": 2, ""bus"": 0, ""motorcycle"": 0, ""bicycle"": 0}",0,1,1,horizontal
84,3.32,18,18,36.046599969267845,27.741867495202527,,,32.25940000265837,"{""car"": 16, ""truck"": 2}",18,"{""car"": 16, ""truck"": 2}",0,1,0,0,0,0,18,"{""car"": 16, ""truck"": 2, ""bus"": 0, ""motorcycle"": 0, ""bicycle"": 0}",0,1,1,horizontal
85,3.36,18,18,36.82979999575764,27.151925889230686,,,33.147200010716915,"{""car"": 16, ""truck"": 2}",18,"{""car"": 16, ""truck"": 2}",0,1,0,0,0,0,18,"{""car"": 16, ""truck"": 2, ""bus"": 0, ""motorcycle"": 0, ""bicycle"": 0}",0,1,1,horizontal
86,3.4,19,19,35.994599980767816,27.781945084382308,,,32.20009995857254,"{""car"": 17, ""truck"": 2}",19,"{""car"": 17, ""truck"": 2}",0,1,0,0,0,0,19,"{""car"": 17, ""truck"": 2, ""bus"": 0, ""motorcycle"": 0, ""bicycle"": 0}",0,1,1,horizontal
87,3.44,18,18,36.42200003378093,27.45593320170537,,,32.63279999373481,"{""car"": 16, ""truck"": 2}",18,"{""car"": 16, ""truck"": 2}",0,1,0,0,0,0,18,"{""car"": 16, ""truck"": 2, ""bus"": 0, ""motorcycle"": 0, ""bicycle"": 0}",0,1,1,horizontal
88,3.48,18,18,42.822000046726316,23.352482343394154,,,39.119500026572496,"{""car"": 16, ""truck"": 2}",18,"{""car"": 16, ""truck"": 2}",0,1,0,0,0,0,18,"{""car"": 16, ""truck"": 2, ""bus"": 0, ""motorcycle"": 0, ""bicycle"": 0}",0,1,1,horizontal
89,3.52,19,19,37.18679997837171,26.89126250663171,,,33.3845000131987,"{""car"": 17, ""truck"": 2}",19,"{""car"": 17, ""truck"": 2}",0,1,0,0,0,0,19,"{""car"": 17, ""truck"": 2, ""bus"": 0, ""motorcycle"": 0, ""bicycle"": 0}",0,1,1,horizontal
90,3.56,19,19,36.119199998211116,27.686106005933887,,,32.23379998235032,"{""car"": 17, ""truck"": 2}",19,"{""car"": 17, ""truck"": 2}",0,1,0,0,0,0,19,"{""car"": 17, ""truck"": 2, ""bus"": 0, ""motorcycle"": 0, ""bicycle"": 0}",0,1,1,horizontal
91,3.6,18,18,37.17369999503717,26.900738966890675,,,33.39580004103482,"{""car"": 16, ""truck"": 2}",18,"{""car"": 16, ""truck"": 2}",0,1,0,0,0,0,18,"{""car"": 16, ""truck"": 2, ""bus"": 0, ""motorcycle"": 0, ""bicycle"": 0}",0,1,1,horizontal
92,3.64,19,19,37.73209999781102,26.5026330381297,,,33.52029999950901,"{""car"": 17, ""truck"": 2}",19,"{""car"": 17, ""truck"": 2}",0,1,0,0,0,0,19,"{""car"": 17, ""truck"": 2, ""bus"": 0, ""motorcycle"": 0, ""bicycle"": 0}",0,1,1,horizontal
93,3.68,20,20,38.098499993793666,26.24775254046491,,,33.871899999212474,"{""car"": 18, ""truck"": 2}",20,"{""car"": 18, ""truck"": 2}",0,1,0,0,0,0,20,"{""car"": 18, ""truck"": 2, ""bus"": 0, ""motorcycle"": 0, ""bicycle"": 0}",0,1,1,horizontal
94,3.72,18,18,37.31829999014735,26.796504671006357,,,33.452400006353855,"{""car"": 16, ""truck"": 2}",18,"{""car"": 16, ""truck"": 2}",0,1,0,0,0,0,18,"{""car"": 16, ""truck"": 2, ""bus"": 0, ""motorcycle"": 0, ""bicycle"": 0}",0,1,1,horizontal
95,3.76,18,18,35.64839996397495,28.05174989650491,,,31.680199957918376,"{""car"": 16, ""truck"": 2}",18,"{""car"": 16, ""truck"": 2}",0,1,0,0,0,0,18,"{""car"": 16, ""truck"": 2, ""bus"": 0, ""motorcycle"": 0, ""bicycle"": 0}",0,1,1,horizontal
96,3.8,18,18,36.9782000198029,27.04296043248376,,,33.218400028999895,"{""car"": 16, ""truck"": 2}",18,"{""car"": 16, ""truck"": 2}",0,1,0,0,0,0,18,"{""car"": 16, ""truck"": 2, ""bus"": 0, ""motorcycle"": 0, ""bicycle"": 0}",0,1,1,horizontal
97,3.84,19,19,36.24500002479181,27.590012396633846,,,32.51809999346733,"{""car"": 17, ""truck"": 2}",19,"{""car"": 17, ""truck"": 2}",0,1,0,0,0,0,19,"{""car"": 17, ""truck"": 2, ""bus"": 0, ""motorcycle"": 0, ""bicycle"": 0}",0,1,1,horizontal
98,3.88,18,18,36.698399984743446,27.2491443881948,,,32.961999997496605,"{""car"": 16, ""truck"": 2}",18,"{""car"": 16, ""truck"": 2}",0,1,0,0,0,0,18,"{""car"": 16, ""truck"": 2, ""bus"": 0, ""motorcycle"": 0, ""bicycle"": 0}",0,1,1,horizontal
99,3.92,19,19,36.66069998871535,27.277166019956336,,,32.91579999495298,"{""car"": 17, ""truck"": 2}",19,"{""car"": 17, ""truck"": 2}",0,1,0,0,0,0,19,"{""car"": 17, ""truck"": 2, ""bus"": 0, ""motorcycle"": 0, ""bicycle"": 0}",0,1,1,horizontal
100,3.96,19,19,35.95069999573752,27.81587006980572,,,31.98319999501109,"{""car"": 17, ""truck"": 2}",19,"{""car"": 17, ""truck"": 2}",0,1,0,0,0,0,19,"{""car"": 17, ""truck"": 2, ""bus"": 0, ""motorcycle"": 0, ""bicycle"": 0}",0,1,1,horizontal
101,4.0,21,21,36.06680000666529,27.7263300269277,,,32.164999982342124,"{""car"": 19, ""truck"": 2}",21,"{""car"": 19, ""truck"": 2}",0,1,0,0,0,0,21,"{""car"": 19, ""truck"": 2, ""bus"": 0, ""motorcycle"": 0, ""bicycle"": 0}",0,1,1,horizontal
102,4.04,21,21,39.351999992504716,25.411669043262545,,,34.707099955994636,"{""car"": 19, ""truck"": 2}",21,"{""car"": 19, ""truck"": 2}",0,1,0,0,0,0,21,"{""car"": 19, ""truck"": 2, ""bus"": 0, ""motorcycle"": 0, ""bicycle"": 0}",0,1,1,horizontal
103,4.08,20,20,39.25259999232367,25.47601942789936,,,34.37119995942339,"{""car"": 18, ""truck"": 2}",20,"{""car"": 18, ""truck"": 2}",0,1,0,0,0,0,20,"{""car"": 18, ""truck"": 2, ""bus"": 0, ""motorcycle"": 0, ""bicycle"": 0}",0,1,1,horizontal
104,4.12,21,21,38.70720003033057,25.834986752242738,,,34.83700001379475,"{""car"": 19, ""truck"": 2}",21,"{""car"": 19, ""truck"": 2}",0,1,0,0,0,0,21,"{""car"": 19, ""truck"": 2, ""bus"": 0, ""motorcycle"": 0, ""bicycle"": 0}",0,1,1,horizontal
105,4.16,20,20,41.750699980184436,23.951694234458735,,,37.78390004299581,"{""car"": 18, ""truck"": 2}",20,"{""car"": 18, ""truck"": 2}",0,1,0,0,0,0,20,"{""car"": 18, ""truck"": 2, ""bus"": 0, ""motorcycle"": 0, ""bicycle"": 0}",0,1,1,horizontal
106,4.2,20,20,41.917000024113804,23.856669118131663,,,38.03529997821897,"{""car"": 18, ""truck"": 2}",20,"{""car"": 18, ""truck"": 2}",0,1,0,0,0,0,20,"{""car"": 18, ""truck"": 2, ""bus"": 0, ""motorcycle"": 0, ""bicycle"": 0}",0,1,1,horizontal
107,4.24,22,22,39.17780000483617,25.524659370269855,,,34.87269999459386,"{""car"": 20, ""truck"": 2}",22,"{""car"": 20, ""truck"": 2}",0,1,0,0,0,0,22,"{""car"": 20, ""truck"": 2, ""bus"": 0, ""motorcycle"": 0, ""bicycle"": 0}",0,1,1,horizontal
108,4.28,22,22,44.383900007233024,22.530692432098913,,,40.10990000097081,"{""car"": 20, ""truck"": 2}",22,"{""car"": 20, ""truck"": 2}",0,1,0,0,0,0,22,"{""car"": 20, ""truck"": 2, ""bus"": 0, ""motorcycle"": 0, ""bicycle"": 0}",0,1,1,horizontal
109,4.32,21,21,41.737499996088445,23.959269244533523,,,37.23180002998561,"{""car"": 19, ""truck"": 2}",21,"{""car"": 19, ""truck"": 2}",0,1,0,0,0,0,21,"{""car"": 19, ""truck"": 2, ""bus"": 0, ""motorcycle"": 0, ""bicycle"": 0}",0,1,1,horizontal
110,4.36,21,21,39.55250000581145,25.282851901980152,,,35.31399997882545,"{""car"": 19, ""truck"": 2}",21,"{""car"": 19, ""truck"": 2}",0,1,0,0,0,0,21,"{""car"": 19, ""truck"": 2, ""bus"": 0, ""motorcycle"": 0, ""bicycle"": 0}",0,1,1,horizontal
111,4.4,18,18,37.02839999459684,27.006297872603714,,,33.10649999184534,"{""car"": 16, ""truck"": 2}",18,"{""car"": 16, ""truck"": 2}",0,1,0,0,0,0,18,"{""car"": 16, ""truck"": 2, ""bus"": 0, ""motorcycle"": 0, ""bicycle"": 0}",0,1,1,horizontal
112,4.44,20,20,36.37390001676977,27.492240302496064,,,32.44430001359433,"{""car"": 18, ""truck"": 2}",20,"{""car"": 18, ""truck"": 2}",0,1,0,0,0,0,20,"{""car"": 18, ""truck"": 2, ""bus"": 0, ""motorcycle"": 0, ""bicycle"": 0}",0,1,1,horizontal
113,4.48,20,20,35.74860002845526,27.973123400749053,,,31.79639996960759,"{""car"": 18, ""truck"": 2}",20,"{""car"": 18, ""truck"": 2}",0,1,0,0,0,0,20,"{""car"": 18, ""truck"": 2, ""bus"": 0, ""motorcycle"": 0, ""bicycle"": 0}",0,1,1,horizontal
114,4.52,18,18,36.63359995698556,27.29734454637764,,,32.913199975155294,"{""car"": 16, ""truck"": 2}",18,"{""car"": 16, ""truck"": 2}",0,1,0,0,0,0,18,"{""car"": 16, ""truck"": 2, ""bus"": 0, ""motorcycle"": 0, ""bicycle"": 0}",0,1,1,horizontal
115,4.56,20,20,35.1832999731414,28.422575504952366,,,31.441700004506856,"{""car"": 18, ""truck"": 2}",20,"{""car"": 18, ""truck"": 2}",0,1,0,0,0,0,20,"{""car"": 18, ""truck"": 2, ""bus"": 0, ""motorcycle"": 0, ""bicycle"": 0}",0,1,1,horizontal
116,4.6,22,22,37.43590001249686,26.71232692859474,,,33.391800010576844,"{""car"": 20, ""truck"": 2}",22,"{""car"": 20, ""truck"": 2}",0,1,0,0,0,0,22,"{""car"": 20, ""truck"": 2, ""bus"": 0, ""motorcycle"": 0, ""bicycle"": 0}",0,1,1,horizontal
117,4.64,21,21,37.33049996662885,26.7877473083387,,,33.284900011494756,"{""car"": 19, ""truck"": 2}",21,"{""car"": 19, ""truck"": 2}",0,1,0,0,0,0,21,"{""car"": 19, ""truck"": 2, ""bus"": 0, ""motorcycle"": 0, ""bicycle"": 0}",0,1,1,horizontal
118,4.68,21,21,37.43530000792816,26.712755067762696,,,33.44229998765513,"{""car"": 19, ""truck"": 2}",21,"{""car"": 19, ""truck"": 2}",0,1,0,0,0,0,21,"{""car"": 19, ""truck"": 2, ""bus"": 0, ""motorcycle"": 0, ""bicycle"": 0}",0,1,1,horizontal
119,4.72,20,20,36.6972999763675,27.24996118635389,,,32.644699967931956,"{""car"": 18, ""truck"": 1, ""bus"": 1}",20,"{""car"": 18, ""truck"": 1, ""bus"": 1}",0,1,0,0,0,0,20,"{""car"": 18, ""truck"": 1, ""bus"": 1, ""motorcycle"": 0, ""bicycle"": 0}",0,1,1,horizontal
120,4.76,20,20,36.630599992349744,27.299580138159047,,,32.52409998094663,"{""car"": 18, ""truck"": 2}",20,"{""car"": 18, ""truck"": 2}",0,1,0,0,0,0,20,"{""car"": 18, ""truck"": 2, ""bus"": 0, ""motorcycle"": 0, ""bicycle"": 0}",0,1,1,horizontal
121,4.8,20,20,37.54069999558851,26.63775582547774,,,33.645100018475205,"{""car"": 18, ""truck"": 2}",20,"{""car"": 18, ""truck"": 2}",0,1,0,0,0,0,20,"{""car"": 18, ""truck"": 2, ""bus"": 0, ""motorcycle"": 0, ""bicycle"": 0}",0,1,1,horizontal
122,4.84,18,18,37.940400012303144,26.35712854044039,,,33.840699994470924,"{""car"": 16, ""truck"": 2}",18,"{""car"": 16, ""truck"": 2}",0,1,0,0,0,0,18,"{""car"": 16, ""truck"": 2, ""bus"": 0, ""motorcycle"": 0, ""bicycle"": 0}",0,1,1,horizontal
123,4.88,18,18,37.073600047733635,26.973371852543668,,,33.24969997629523,"{""car"": 16, ""truck"": 2}",18,"{""car"": 16, ""truck"": 2}",0,1,0,0,0,0,18,"{""car"": 16, ""truck"": 2, ""bus"": 0, ""motorcycle"": 0, ""bicycle"": 0}",0,1,1,horizontal
124,4.92,19,19,37.260000011883676,26.838432626974257,,,33.390500000678,"{""car"": 17, ""truck"": 2}",19,"{""car"": 17, ""truck"": 2}",0,1,0,0,0,0,19,"{""car"": 17, ""truck"": 2, ""bus"": 0, ""motorcycle"": 0, ""bicycle"": 0}",0,1,1,horizontal
125,4.96,18,18,36.72719997121021,27.227776710010072,,,32.95050002634525,"{""car"": 16, ""truck"": 2}",18,"{""car"": 16, ""truck"": 2}",0,1,0,0,0,0,18,"{""car"": 16, ""truck"": 2, ""bus"": 0, ""motorcycle"": 0, ""bicycle"": 0}",0,1,1,horizontal
126,5.0,19,19,37.14359999867156,26.92253847327036,,,33.255500020459294,"{""car"": 17, ""truck"": 2}",19,"{""car"": 17, ""truck"": 2}",0,1,0,0,0,0,19,"{""car"": 17, ""truck"": 2, ""bus"": 0, ""motorcycle"": 0, ""bicycle"": 0}",0,1,1,horizontal
127,5.04,21,21,37.28119999868795,26.823170928918415,,,33.136899990495294,"{""car"": 19, ""truck"": 2}",21,"{""car"": 19, ""truck"": 2}",0,1,0,0,0,0,21,"{""car"": 19, ""truck"": 2, ""bus"": 0, ""motorcycle"": 0, ""bicycle"": 0}",0,1,1,horizontal
128,5.08,23,23,37.12440002709627,26.936462253130617,,,33.0114999669604,"{""car"": 21, ""truck"": 2}",23,"{""car"": 21, ""truck"": 2}",0,2,0,0,0,0,23,"{""car"": 21, ""truck"": 2, ""bus"": 0, ""motorcycle"": 0, ""bicycle"": 0}",0,2,2,horizontal
129,5.12,22,22,37.695900013204664,26.528083946787465,,,33.502700040116906,"{""car"": 20, ""truck"": 2}",22,"{""car"": 20, ""truck"": 2}",0,2,0,0,0,0,22,"{""car"": 20, ""truck"": 2, ""bus"": 0, ""motorcycle"": 0, ""bicycle"": 0}",0,2,2,horizontal
130,5.16,19,19,36.08130000066012,27.715187645170897,,,32.21119998488575,"{""car"": 17, ""truck"": 2}",19,"{""car"": 17, ""truck"": 2}",0,2,0,0,0,0,19,"{""car"": 17, ""truck"": 2, ""bus"": 0, ""motorcycle"": 0, ""bicycle"": 0}",0,2,2,horizontal
131,5.2,17,17,34.575400000903755,28.922297355167586,,,31.527899962384254,"{""car"": 15, ""truck"": 2}",17,"{""car"": 15, ""truck"": 2}",0,2,0,0,0,0,17,"{""car"": 15, ""truck"": 2, ""bus"": 0, ""motorcycle"": 0, ""bicycle"": 0}",0,2,2,horizontal
132,5.24,17,17,35.856899979989976,27.888635117872774,,,32.18760003801435,"{""car"": 15, ""truck"": 2}",17,"{""car"": 15, ""truck"": 2}",0,2,0,0,0,0,17,"{""car"": 15, ""truck"": 2, ""bus"": 0, ""motorcycle"": 0, ""bicycle"": 0}",0,2,2,horizontal
133,5.28,18,18,35.3762999875471,28.26751244058911,,,31.59369999775663,"{""car"": 16, ""truck"": 2}",18,"{""car"": 16, ""truck"": 2}",0,2,0,0,0,0,18,"{""car"": 16, ""truck"": 2, ""bus"": 0, ""motorcycle"": 0, ""bicycle"": 0}",0,2,2,horizontal
134,5.32,18,18,36.94479999830946,27.067408675801694,,,33.07269996730611,"{""car"": 16, ""truck"": 2}",18,"{""car"": 16, ""truck"": 2}",0,2,0,0,0,0,18,"{""car"": 16, ""truck"": 2, ""bus"": 0, ""motorcycle"": 0, ""bicycle"": 0}",0,2,2,horizontal
135,5.36,19,19,36.978699965402484,27.042594816356623,,,33.10490003786981,"{""car"": 17, ""truck"": 2}",19,"{""car"": 17, ""truck"": 2}",0,2,0,0,0,0,19,"{""car"": 17, ""truck"": 2, ""bus"": 0, ""motorcycle"": 0, ""bicycle"": 0}",0,2,2,horizontal
136,5.4,19,19,36.67000000132248,27.270248158274768,,,32.63090003747493,"{""car"": 17, ""truck"": 2}",19,"{""car"": 17, ""truck"": 2}",0,2,0,0,0,0,19,"{""car"": 17, ""truck"": 2, ""bus"": 0, ""motorcycle"": 0, ""bicycle"": 0}",0,2,2,horizontal
137,5.44,20,20,37.147299968637526,26.919856916768467,,,33.02750003058463,"{""car"": 18, ""truck"": 2}",20,"{""car"": 18, ""truck"": 2}",0,2,0,0,0,0,20,"{""car"": 18, ""truck"": 2, ""bus"": 0, ""motorcycle"": 0, ""bicycle"": 0}",0,2,2,horizontal
138,5.48,22,22,33.56100001838058,29.796489957162276,,,30.156299995724112,"{""car"": 20, ""truck"": 2}",22,"{""car"": 20, ""truck"": 2}",0,2,0,0,0,0,22,"{""car"": 20, ""truck"": 2, ""bus"": 0, ""motorcycle"": 0, ""bicycle"": 0}",0,2,2,horizontal
139,5.52,21,21,37.44440001901239,26.7062631392745,,,32.87809999892488,"{""car"": 19, ""truck"": 2}",21,"{""car"": 19, ""truck"": 2}",0,2,0,0,0,0,21,"{""car"": 19, ""truck"": 2, ""bus"": 0, ""motorcycle"": 0, ""bicycle"": 0}",0,2,2,horizontal
140,5.56,21,21,37.796400021761656,26.45754620610005,,,33.58629997819662,"{""car"": 18, ""truck"": 3}",21,"{""car"": 18, ""truck"": 3}",0,2,0,0,0,0,21,"{""car"": 18, ""truck"": 3, ""bus"": 0, ""motorcycle"": 0, ""bicycle"": 0}",0,2,2,horizontal
141,5.6,21,21,36.84339998289943,27.141903311424628,,,32.831499993335456,"{""car"": 18, ""truck"": 3}",21,"{""car"": 18, ""truck"": 3}",0,2,0,0,0,0,21,"{""car"": 18, ""truck"": 3, ""bus"": 0, ""motorcycle"": 0, ""bicycle"": 0}",0,2,2,horizontal
142,5.64,22,22,36.630599992349744,27.299580138159047,,,32.45129995048046,"{""car"": 18, ""truck"": 4}",22,"{""car"": 18, ""truck"": 4}",0,2,0,0,0,0,22,"{""car"": 18, ""truck"": 4, ""bus"": 0, ""motorcycle"": 0, ""bicycle"": 0}",0,2,2,horizontal
143,5.68,20,20,36.909100017510355,27.093589372961727,,,32.88229997269809,"{""car"": 17, ""truck"": 3}",20,"{""car"": 17, ""truck"": 3}",0,2,0,0,0,0,20,"{""car"": 17, ""truck"": 3, ""bus"": 0, ""motorcycle"": 0, ""bicycle"": 0}",0,2,2,horizontal
144,5.72,20,20,36.86370002105832,27.126956855355047,,,32.982900040224195,"{""car"": 17, ""truck"": 3}",20,"{""car"": 17, ""truck"": 3}",0,2,0,0,0,0,20,"{""car"": 17, ""truck"": 3, ""bus"": 0, ""motorcycle"": 0, ""bicycle"": 0}",0,2,2,horizontal
145,5.76,19,19,36.200700036715716,27.623775202848933,,,32.4840999674052,"{""car"": 16, ""truck"": 2, ""bus"": 1}",19,"{""car"": 16, ""truck"": 2, ""bus"": 1}",0,2,0,0,0,0,19,"{""car"": 16, ""truck"": 2, ""bus"": 1, ""motorcycle"": 0, ""bicycle"": 0}",0,2,2,horizontal
146,5.8,20,20,37.0946999755688,26.95802906233551,,,33.01419998751953,"{""car"": 17, ""truck"": 3}",20,"{""car"": 17, ""truck"": 3}",0,2,0,0,0,0,20,"{""car"": 17, ""truck"": 3, ""bus"": 0, ""motorcycle"": 0, ""bicycle"": 0}",0,2,2,horizontal
147,5.84,21,21,37.71460003918037,26.514930529851444,,,33.56609999900684,"{""car"": 18, ""truck"": 3}",21,"{""car"": 18, ""truck"": 3}",0,2,0,0,0,0,21,"{""car"": 18, ""truck"": 3, ""bus"": 0, ""motorcycle"": 0, ""bicycle"": 0}",0,2,2,horizontal
148,5.88,21,21,36.5437000291422,27.364497825960104,,,32.5406999909319,"{""car"": 18, ""truck"": 3}",21,"{""car"": 18, ""truck"": 3}",0,2,0,0,0,0,21,"{""car"": 18, ""truck"": 3, ""bus"": 0, ""motorcycle"": 0, ""bicycle"": 0}",0,2,2,horizontal
149,5.92,21,21,36.97060002014041,27.04851961978523,,,32.783000031486154,"{""car"": 18, ""truck"": 3}",21,"{""car"": 18, ""truck"": 3}",1,2,0,0,0,0,21,"{""car"": 18, ""truck"": 3, ""bus"": 0, ""motorcycle"": 0, ""bicycle"": 0}",1,2,3,horizontal
150,5.96,21,21,37.109100027009845,26.94756809710153,,,32.72969997487962,"{""car"": 18, ""truck"": 3}",21,"{""car"": 18, ""truck"": 3}",1,2,0,0,0,0,21,"{""car"": 18, ""truck"": 3, ""bus"": 0, ""motorcycle"": 0, ""bicycle"": 0}",1,2,3,horizontal
151,6.0,21,21,38.82799996063113,25.75461010131683,,,34.773799998220056,"{""car"": 18, ""truck"": 3}",21,"{""car"": 18, ""truck"": 3}",1,2,0,0,0,0,21,"{""car"": 18, ""truck"": 3, ""bus"": 0, ""motorcycle"": 0, ""bicycle"": 0}",1,2,3,horizontal
152,6.04,18,18,36.663100006990135,27.27538041816817,,,32.713200023863465,"{""car"": 15, ""truck"": 2, ""bus"": 1}",18,"{""car"": 15, ""truck"": 2, ""bus"": 1}",1,2,0,0,0,0,18,"{""car"": 15, ""truck"": 2, ""bus"": 1, ""motorcycle"": 0, ""bicycle"": 0}",1,2,3,horizontal
153,6.08,19,19,37.685199989937246,26.53561611102028,,,33.58809999190271,"{""car"": 15, ""truck"": 3, ""bus"": 1}",19,"{""car"": 15, ""truck"": 3, ""bus"": 1}",1,2,0,0,0,0,19,"{""car"": 15, ""truck"": 3, ""bus"": 1, ""motorcycle"": 0, ""bicycle"": 0}",1,2,3,horizontal
154,6.12,21,21,37.947800010442734,26.351988777341855,,,33.78410002915189,"{""car"": 18, ""truck"": 3}",21,"{""car"": 18, ""truck"": 3}",1,2,0,0,0,0,21,"{""car"": 18, ""truck"": 3, ""bus"": 0, ""motorcycle"": 0, ""bicycle"": 0}",1,2,3,horizontal
155,6.16,21,21,38.359700003638864,26.06902556342042,,,34.00610003154725,"{""car"": 18, ""truck"": 3}",21,"{""car"": 18, ""truck"": 3}",1,2,0,0,0,0,21,"{""car"": 18, ""truck"": 3, ""bus"": 0, ""motorcycle"": 0, ""bicycle"": 0}",1,2,3,horizontal
156,6.2,22,22,35.92150000622496,27.838481127645185,,,31.745399988722056,"{""car"": 19, ""truck"": 3}",22,"{""car"": 19, ""truck"": 3}",1,2,0,0,0,0,22,"{""car"": 19, ""truck"": 3, ""bus"": 0, ""motorcycle"": 0, ""bicycle"": 0}",1,2,3,horizontal
157,6.24,22,22,37.99729997990653,26.3176594265596,,,33.866000012494624,"{""car"": 19, ""truck"": 3}",22,"{""car"": 19, ""truck"": 3}",1,2,0,0,0,0,22,"{""car"": 19, ""truck"": 3, ""bus"": 0, ""motorcycle"": 0, ""bicycle"": 0}",1,2,3,horizontal
158,6.28,21,21,37.14260004926473,26.923263279189737,,,32.95830002753064,"{""car"": 18, ""truck"": 3}",21,"{""car"": 18, ""truck"": 3}",1,2,0,0,0,0,21,"{""car"": 18, ""truck"": 3, ""bus"": 0, ""motorcycle"": 0, ""bicycle"": 0}",1,2,3,horizontal
159,6.32,20,20,33.89869997045025,29.499656354718837,,,30.616400006692857,"{""car"": 17, ""truck"": 3}",20,"{""car"": 17, ""truck"": 3}",1,2,0,0,0,0,20,"{""car"": 17, ""truck"": 3, ""bus"": 0, ""motorcycle"": 0, ""bicycle"": 0}",1,2,3,horizontal
160,6.36,21,21,36.08019999228418,27.71603262215431,,,32.70959999645129,"{""car"": 17, ""truck"": 3, ""bus"": 1}",21,"{""car"": 17, ""truck"": 3, ""bus"": 1}",1,2,0,0,0,0,21,"{""car"": 17, ""truck"": 3, ""bus"": 1, ""motorcycle"": 0, ""bicycle"": 0}",1,2,3,horizontal
161,6.4,22,22,37.359300011303276,26.767096805813924,,,33.15829997882247,"{""car"": 18, ""bus"": 1, ""truck"": 3}",22,"{""car"": 18, ""bus"": 1, ""truck"": 3}",1,2,0,0,0,0,22,"{""car"": 18, ""truck"": 3, ""bus"": 1, ""motorcycle"": 0, ""bicycle"": 0}",1,2,3,horizontal
162,6.44,22,22,37.26639994420111,26.833823538020777,,,32.99070004140958,"{""car"": 18, ""bus"": 1, ""truck"": 3}",22,"{""car"": 18, ""bus"": 1, ""truck"": 3}",1,2,0,0,0,0,22,"{""car"": 18, ""truck"": 3, ""bus"": 1, ""motorcycle"": 0, ""bicycle"": 0}",1,2,3,horizontal
163,6.48,24,24,38.32190000684932,26.094739556787864,,,33.818199997767806,"{""car"": 18, ""bus"": 2, ""truck"": 4}",24,"{""car"": 18, ""bus"": 2, ""truck"": 4}",1,2,0,0,0,0,24,"{""car"": 18, ""truck"": 4, ""bus"": 2, ""motorcycle"": 0, ""bicycle"": 0}",1,2,3,horizontal
164,6.52,24,24,38.56429998995736,25.93071831358051,,,34.21960002742708,"{""car"": 18, ""bus"": 2, ""truck"": 4}",24,"{""car"": 18, ""bus"": 2, ""truck"": 4}",1,2,0,0,0,0,24,"{""car"": 18, ""truck"": 4, ""bus"": 2, ""motorcycle"": 0, ""bicycle"": 0}",1,2,3,horizontal
165,6.56,21,21,36.980400036554784,27.041351608189995,,,32.87960001034662,"{""car"": 18, ""truck"": 3}",21,"{""car"": 18, ""truck"": 3}",1,2,0,0,0,0,21,"{""car"": 18, ""truck"": 3, ""bus"": 0, ""motorcycle"": 0, ""bicycle"": 0}",1,2,3,horizontal
166,6.6,22,22,37.81829995568842,26.44222509133665,,,33.43070001574233,"{""car"": 18, ""truck"": 4}",22,"{""car"": 18, ""truck"": 4}",1,2,0,0,0,0,22,"{""car"": 18, ""truck"": 4, ""bus"": 0, ""motorcycle"": 0, ""bicycle"": 0}",1,2,3,horizontal
167,6.64,22,22,37.55119995912537,26.630307449256055,,,33.39120000600815,"{""car"": 17, ""truck"": 4, ""bus"": 1}",22,"{""car"": 17, ""truck"": 4, ""bus"": 1}",1,2,0,0,0,0,22,"{""car"": 17, ""truck"": 4, ""bus"": 1, ""motorcycle"": 0, ""bicycle"": 0}",1,2,3,horizontal
168,6.68,23,23,37.68639999907464,26.534771164785024,,,33.14800001680851,"{""car"": 17, ""truck"": 4, ""bus"": 2}",23,"{""car"": 17, ""truck"": 4, ""bus"": 2}",1,2,0,0,0,0,23,"{""car"": 17, ""truck"": 4, ""bus"": 2, ""motorcycle"": 0, ""bicycle"": 0}",1,2,3,horizontal
169,6.72,23,23,34.25029997015372,29.196824578804176,,,30.740100017283112,"{""car"": 17, ""truck"": 4, ""bus"": 2}",23,"{""car"": 17, ""truck"": 4, ""bus"": 2}",1,2,0,0,0,0,23,"{""car"": 17, ""truck"": 4, ""bus"": 2, ""motorcycle"": 0, ""bicycle"": 0}",1,2,3,horizontal
170,6.76,22,22,37.89219999453053,26.390655600475636,,,33.52440003072843,"{""car"": 18, ""truck"": 3, ""bus"": 1}",22,"{""car"": 18, ""truck"": 3, ""bus"": 1}",1,2,0,0,0,0,22,"{""car"": 18, ""truck"": 3, ""bus"": 1, ""motorcycle"": 0, ""bicycle"": 0}",1,2,3,horizontal
171,6.8,19,19,36.38409997802228,27.48453309561175,,,32.336600008420646,"{""car"": 17, ""truck"": 2}",19,"{""car"": 17, ""truck"": 2}",1,2,0,0,0,0,19,"{""car"": 17, ""truck"": 2, ""bus"": 0, ""motorcycle"": 0, ""bicycle"": 0}",1,2,3,horizontal
172,6.84,20,20,37.46419999515638,26.692148774811333,,,33.45300001092255,"{""car"": 17, ""truck"": 3}",20,"{""car"": 17, ""truck"": 3}",1,2,0,0,0,0,20,"{""car"": 17, ""truck"": 3, ""bus"": 0, ""motorcycle"": 0, ""bicycle"": 0}",1,2,3,horizontal
173,6.88,21,21,35.29740002704784,28.330698556656177,,,31.974799989257008,"{""car"": 18, ""truck"": 3}",21,"{""car"": 18, ""truck"": 3}",1,2,0,0,0,0,21,"{""car"": 18, ""truck"": 3, ""bus"": 0, ""motorcycle"": 0, ""bicycle"": 0}",1,2,3,horizontal
174,6.92,18,18,36.667299980763346,27.272256220791466,,,32.99080004217103,"{""car"": 15, ""truck"": 3}",18,"{""car"": 15, ""truck"": 3}",1,2,0,0,0,0,18,"{""car"": 15, ""truck"": 3, ""bus"": 0, ""motorcycle"": 0, ""bicycle"": 0}",1,2,3,horizontal
175,6.96,20,20,36.88640001928434,27.110262846935363,,,32.852600037585944,"{""car"": 17, ""truck"": 3}",20,"{""car"": 17, ""truck"": 3}",1,2,0,0,0,0,20,"{""car"": 17, ""truck"": 3, ""bus"": 0, ""motorcycle"": 0, ""bicycle"": 0}",1,2,3,horizontal
176,7.0,23,23,37.19519998412579,26.88518949828959,,,33.043499977793545,"{""car"": 20, ""truck"": 3}",23,"{""car"": 20, ""truck"": 3}",1,2,0,0,0,0,23,"{""car"": 20, ""truck"": 3, ""bus"": 0, ""motorcycle"": 0, ""bicycle"": 0}",1,2,3,horizontal
177,7.04,18,18,35.79499997431412,27.93686271036689,,,32.019699981901795,"{""car"": 15, ""truck"": 3}",18,"{""car"": 15, ""truck"": 3}",1,2,0,0,0,0,18,"{""car"": 15, ""truck"": 3, ""bus"": 0, ""motorcycle"": 0, ""bicycle"": 0}",1,2,3,horizontal
178,7.08,18,18,34.62619998026639,28.879865551804816,,,31.471499998588115,"{""car"": 15, ""truck"": 3}",18,"{""car"": 15, ""truck"": 3}",1,2,0,0,0,0,18,"{""car"": 15, ""truck"": 3, ""bus"": 0, ""motorcycle"": 0, ""bicycle"": 0}",1,2,3,horizontal
179,7.12,18,18,36.750299972482026,27.210662246261453,,,32.90759999072179,"{""car"": 15, ""truck"": 3}",18,"{""car"": 15, ""truck"": 3}",1,2,0,0,0,0,18,"{""car"": 15, ""truck"": 3, ""bus"": 0, ""motorcycle"": 0, ""bicycle"": 0}",1,2,3,horizontal
180,7.16,21,21,36.49979998590425,27.397410407349824,,,32.504400005564094,"{""car"": 18, ""truck"": 3}",21,"{""car"": 18, ""truck"": 3}",1,2,0,0,0,0,21,"{""car"": 18, ""truck"": 3, ""bus"": 0, ""motorcycle"": 0, ""bicycle"": 0}",1,2,3,horizontal
181,7.2,20,20,36.53799998573959,27.368766774051394,,,32.659499964211136,"{""car"": 17, ""truck"": 3}",20,"{""car"": 17, ""truck"": 3}",1,2,0,0,0,0,20,"{""car"": 17, ""truck"": 3, ""bus"": 0, ""motorcycle"": 0, ""bicycle"": 0}",1,2,3,horizontal
182,7.24,21,21,36.85670002596453,27.132108932582884,,,32.67679997952655,"{""car"": 18, ""truck"": 3}",21,"{""car"": 18, ""truck"": 3}",1,2,0,0,0,0,21,"{""car"": 18, ""truck"": 3, ""bus"": 0, ""motorcycle"": 0, ""bicycle"": 0}",1,2,3,horizontal
183,7.28,21,21,36.54619998997077,27.36262594399489,,,32.532400044146925,"{""car"": 18, ""truck"": 3}",21,"{""car"": 18, ""truck"": 3}",1,2,0,0,0,0,21,"{""car"": 18, ""truck"": 3, ""bus"": 0, ""motorcycle"": 0, ""bicycle"": 0}",1,2,3,horizontal
184,7.32,20,20,36.848500021733344,27.13814671995325,,,32.819800020661205,"{""car"": 17, ""truck"": 3}",20,"{""car"": 17, ""truck"": 3}",1,2,0,0,0,0,20,"{""car"": 17, ""truck"": 3, ""bus"": 0, ""motorcycle"": 0, ""bicycle"": 0}",1,2,3,horizontal
185,7.36,20,20,38.23409997858107,26.154662998742086,,,34.29879999021068,"{""car"": 17, ""truck"": 3}",20,"{""car"": 17, ""truck"": 3}",1,2,0,0,0,0,20,"{""car"": 17, ""truck"": 3, ""bus"": 0, ""motorcycle"": 0, ""bicycle"": 0}",1,2,3,horizontal
186,7.4,19,19,38.06250001071021,26.272577989323224,,,34.145800047554076,"{""car"": 16, ""truck"": 3}",19,"{""car"": 16, ""truck"": 3}",1,2,0,0,0,0,19,"{""car"": 16, ""truck"": 3, ""bus"": 0, ""motorcycle"": 0, ""bicycle"": 0}",1,2,3,horizontal
187,7.44,18,18,36.3999999826774,27.47252748560153,,,32.730900042224675,"{""car"": 15, ""truck"": 3}",18,"{""car"": 15, ""truck"": 3}",1,2,0,0,0,0,18,"{""car"": 15, ""truck"": 3, ""bus"": 0, ""motorcycle"": 0, ""bicycle"": 0}",1,2,3,horizontal
188,7.48,18,18,39.34419999131933,25.416706915393732,,,35.42989998823032,"{""car"": 14, ""truck"": 3, ""bus"": 1}",18,"{""car"": 14, ""truck"": 3, ""bus"": 1}",1,2,0,0,0,0,18,"{""car"": 14, ""truck"": 3, ""bus"": 1, ""motorcycle"": 0, ""bicycle"": 0}",1,2,3,horizontal
189,7.52,21,21,42.110899987164885,23.746820901590638,,,38.06940000504255,"{""car"": 17, ""truck"": 3, ""bus"": 1}",21,"{""car"": 17, ""truck"": 3, ""bus"": 1}",1,2,0,0,0,0,21,"{""car"": 17, ""truck"": 3, ""bus"": 1, ""motorcycle"": 0, ""bicycle"": 0}",1,2,3,horizontal
190,7.56,22,22,39.05019996454939,25.608063490272045,,,34.76000000955537,"{""car"": 17, ""truck"": 3, ""bus"": 2}",22,"{""car"": 17, ""truck"": 3, ""bus"": 2}",1,2,0,0,0,0,22,"{""car"": 17, ""truck"": 3, ""bus"": 2, ""motorcycle"": 0, ""bicycle"": 0}",1,2,3,horizontal
191,7.6,21,21,39.395400031935424,25.383674215501344,,,35.27900000335649,"{""car"": 17, ""truck"": 3, ""bus"": 1}",21,"{""car"": 17, ""truck"": 3, ""bus"": 1}",1,2,0,0,0,0,21,"{""car"": 17, ""truck"": 3, ""bus"": 1, ""motorcycle"": 0, ""bicycle"": 0}",1,2,3,horizontal
192,7.64,22,22,37.28309995494783,26.82180401330309,,,32.95959997922182,"{""car"": 17, ""truck"": 3, ""bus"": 2}",22,"{""car"": 17, ""truck"": 3, ""bus"": 2}",1,2,0,0,0,0,22,"{""car"": 17, ""truck"": 3, ""bus"": 2, ""motorcycle"": 0, ""bicycle"": 0}",1,2,3,horizontal
193,7.68,20,20,38.16459997324273,26.202292194890077,,,34.240399952977896,"{""car"": 16, ""truck"": 3, ""bus"": 1}",20,"{""car"": 16, ""truck"": 3, ""bus"": 1}",1,2,0,0,0,0,20,"{""car"": 16, ""truck"": 3, ""bus"": 1, ""motorcycle"": 0, ""bicycle"": 0}",1,2,3,horizontal
194,7.72,20,20,37.59889997309074,26.59652278964791,,,33.37070002453402,"{""car"": 16, ""truck"": 3, ""bus"": 1}",20,"{""car"": 16, ""truck"": 3, ""bus"": 1}",1,2,0,0,0,0,20,"{""car"": 16, ""truck"": 3, ""bus"": 1, ""motorcycle"": 0, ""bicycle"": 0}",1,2,3,horizontal
195,7.76,20,20,36.70209995470941,27.246397378733246,,,32.610800000838935,"{""car"": 17, ""truck"": 3}",20,"{""car"": 17, ""truck"": 3}",1,2,0,0,0,0,20,"{""car"": 17, ""truck"": 3, ""bus"": 0, ""motorcycle"": 0, ""bicycle"": 0}",1,2,3,horizontal
196,7.8,20,20,36.23689996311441,27.596179612988454,,,32.119099982082844,"{""car"": 17, ""truck"": 3}",20,"{""car"": 17, ""truck"": 3}",1,2,0,0,0,0,20,"{""car"": 17, ""truck"": 3, ""bus"": 0, ""motorcycle"": 0, ""bicycle"": 0}",1,2,3,horizontal
197,7.84,21,21,37.83260000636801,26.4322304000169,,,33.613900013733655,"{""car"": 17, ""truck"": 3, ""bus"": 1}",21,"{""car"": 17, ""truck"": 3, ""bus"": 1}",1,2,0,0,0,0,21,"{""car"": 17, ""truck"": 3, ""bus"": 1, ""motorcycle"": 0, ""bicycle"": 0}",1,2,3,horizontal
198,7.88,19,19,37.556399998720735,26.626620230747957,,,33.64560002228245,"{""car"": 16, ""truck"": 3}",19,"{""car"": 16, ""truck"": 3}",1,2,0,0,0,0,19,"{""car"": 16, ""truck"": 3, ""bus"": 0, ""motorcycle"": 0, ""bicycle"": 0}",1,2,3,horizontal
199,7.92,19,19,36.96110000601038,27.055471829501457,,,33.08459999971092,"{""car"": 16, ""truck"": 3}",19,"{""car"": 16, ""truck"": 3}",1,2,0,0,0,0,19,"{""car"": 16, ""truck"": 3, ""bus"": 0, ""motorcycle"": 0, ""bicycle"": 0}",1,2,3,horizontal
200,7.96,21,21,37.81660000095144,26.443413738274746,,,33.64300000248477,"{""car"": 17, ""truck"": 3, ""bus"": 1}",21,"{""car"": 17, ""truck"": 3, ""bus"": 1}",1,2,0,0,0,0,21,"{""car"": 17, ""truck"": 3, ""bus"": 1, ""motorcycle"": 0, ""bicycle"": 0}",1,2,3,horizontal
201,8.0,20,20,36.96210001362488,27.054739845176073,,,32.83039998495951,"{""car"": 16, ""truck"": 3, ""bus"": 1}",20,"{""car"": 16, ""truck"": 3, ""bus"": 1}",1,2,0,0,0,0,20,"{""car"": 16, ""truck"": 3, ""bus"": 1, ""motorcycle"": 0, ""bicycle"": 0}",1,2,3,horizontal
202,8.04,20,20,37.52419998636469,26.649468885769014,,,33.10070000588894,"{""car"": 16, ""truck"": 4}",20,"{""car"": 16, ""truck"": 4}",1,2,0,0,0,0,20,"{""car"": 16, ""truck"": 4, ""bus"": 0, ""motorcycle"": 0, ""bicycle"": 0}",1,2,3,horizontal
203,8.08,19,19,39.64289999566972,25.225197957496352,,,35.271700005978346,"{""car"": 16, ""truck"": 3}",19,"{""car"": 16, ""truck"": 3}",1,2,0,0,0,0,19,"{""car"": 16, ""truck"": 3, ""bus"": 0, ""motorcycle"": 0, ""bicycle"": 0}",1,2,3,horizontal
204,8.12,21,21,38.08450000360608,26.25740130250663,,,33.83390000090003,"{""car"": 17, ""truck"": 4}",21,"{""car"": 17, ""truck"": 4}",1,2,0,0,0,0,21,"{""car"": 17, ""truck"": 4, ""bus"": 0, ""motorcycle"": 0, ""bicycle"": 0}",1,2,3,horizontal
205,8.16,19,19,38.15899998880923,26.2061374850826,,,34.24479998648167,"{""car"": 15, ""truck"": 4}",19,"{""car"": 15, ""truck"": 4}",1,2,0,0,0,0,19,"{""car"": 15, ""truck"": 4, ""bus"": 0, ""motorcycle"": 0, ""bicycle"": 0}",1,2,3,horizontal
206,8.2,20,20,36.10369999660179,27.697992175154447,,,32.009200018364936,"{""car"": 15, ""truck"": 4, ""bus"": 1}",20,"{""car"": 15, ""truck"": 4, ""bus"": 1}",1,2,0,0,0,0,20,"{""car"": 15, ""truck"": 4, ""bus"": 1, ""motorcycle"": 0, ""bicycle"": 0}",1,2,3,horizontal
207,8.24,21,21,37.90689999004826,26.38042151330051,,,33.64759997930378,"{""car"": 15, ""truck"": 5, ""bus"": 1}",21,"{""car"": 15, ""truck"": 5, ""bus"": 1}",1,2,0,0,0,0,21,"{""car"": 15, ""truck"": 5, ""bus"": 1, ""motorcycle"": 0, ""bicycle"": 0}",1,2,3,horizontal
208,8.28,23,23,35.06059997016564,28.52204471261008,,,31.55209997203201,"{""car"": 17, ""truck"": 5, ""bus"": 1}",23,"{""car"": 17, ""truck"": 5, ""bus"": 1}",1,2,0,0,0,0,23,"{""car"": 17, ""truck"": 5, ""bus"": 1, ""motorcycle"": 0, ""bicycle"": 0}",1,2,3,horizontal
209,8.32,22,22,37.111999990884215,26.9454623907531,,,32.59780001826584,"{""car"": 17, ""truck"": 4, ""bus"": 1}",22,"{""car"": 17, ""truck"": 4, ""bus"": 1}",1,2,0,0,0,0,22,"{""car"": 17, ""truck"": 4, ""bus"": 1, ""motorcycle"": 0, ""bicycle"": 0}",1,2,3,horizontal
210,8.36,20,20,37.74350002640858,26.494628195591677,,,34.44120002677664,"{""car"": 17, ""truck"": 3}",20,"{""car"": 17, ""truck"": 3}",1,2,0,0,0,0,20,"{""car"": 17, ""truck"": 3, ""bus"": 0, ""motorcycle"": 0, ""bicycle"": 0}",1,2,3,horizontal
211,8.4,22,22,38.92220003763214,25.692278417796132,,,34.471499966457486,"{""car"": 18, ""truck"": 4}",22,"{""car"": 18, ""truck"": 4}",1,2,0,0,0,0,22,"{""car"": 18, ""truck"": 4, ""bus"": 0, ""motorcycle"": 0, ""bicycle"": 0}",1,2,3,horizontal
212,8.44,22,22,40.22249998524785,24.86170676528718,,,35.591799998655915,"{""car"": 18, ""truck"": 4}",22,"{""car"": 18, ""truck"": 4}",1,3,0,0,0,0,22,"{""car"": 18, ""truck"": 4, ""bus"": 0, ""motorcycle"": 0, ""bicycle"": 0}",1,3,4,horizontal
213,8.48,21,21,38.86240004794672,25.731812722998168,,,35.35300004296005,"{""car"": 18, ""truck"": 3}",21,"{""car"": 18, ""truck"": 3}",1,3,0,0,0,0,21,"{""car"": 18, ""truck"": 3, ""bus"": 0, ""motorcycle"": 0, ""bicycle"": 0}",1,3,4,horizontal
214,8.52,22,22,37.365199998021126,26.76287026572748,,,33.02609996171668,"{""car"": 18, ""truck"": 3, ""bus"": 1}",22,"{""car"": 18, ""truck"": 3, ""bus"": 1}",1,3,0,0,0,0,22,"{""car"": 18, ""truck"": 3, ""bus"": 1, ""motorcycle"": 0, ""bicycle"": 0}",1,3,4,horizontal
215,8.56,22,22,36.79509996436536,27.177531817238204,,,32.46800001943484,"{""car"": 18, ""truck"": 3, ""bus"": 1}",22,"{""car"": 18, ""truck"": 3, ""bus"": 1}",1,3,0,0,0,0,22,"{""car"": 18, ""truck"": 3, ""bus"": 1, ""motorcycle"": 0, ""bicycle"": 0}",1,3,4,horizontal
216,8.6,22,22,38.746199978049845,25.808982572910665,,,34.165200020652264,"{""car"": 18, ""truck"": 3, ""bus"": 1}",22,"{""car"": 18, ""truck"": 3, ""bus"": 1}",1,3,0,0,0,0,22,"{""car"": 18, ""truck"": 3, ""bus"": 1, ""motorcycle"": 0, ""bicycle"": 0}",1,3,4,horizontal
217,8.64,20,20,36.3632999942638,27.500254381691075,,,33.10250001959503,"{""car"": 16, ""truck"": 3, ""bus"": 1}",20,"{""car"": 16, ""truck"": 3, ""bus"": 1}",1,3,0,0,0,0,20,"{""car"": 16, ""truck"": 3, ""bus"": 1, ""motorcycle"": 0, ""bicycle"": 0}",1,3,4,horizontal
218,8.68,21,21,36.34430002421141,27.51463088665436,,,32.904200023040175,"{""car"": 17, ""truck"": 3, ""bus"": 1}",21,"{""car"": 17, ""truck"": 3, ""bus"": 1}",1,3,0,0,0,0,21,"{""car"": 17, ""truck"": 3, ""bus"": 1, ""motorcycle"": 0, ""bicycle"": 0}",1,3,4,horizontal
219,8.72,21,21,37.34700003406033,26.775912364795126,,,33.24620000785217,"{""car"": 17, ""truck"": 3, ""bus"": 1}",21,"{""car"": 17, ""truck"": 3, ""bus"": 1}",1,3,0,0,0,0,21,"{""car"": 17, ""truck"": 3, ""bus"": 1, ""motorcycle"": 0, ""bicycle"": 0}",1,3,4,horizontal
220,8.76,20,20,37.03710000263527,26.999954098156923,,,32.91960002388805,"{""car"": 16, ""truck"": 4}",20,"{""car"": 16, ""truck"": 4}",1,3,0,0,0,0,20,"{""car"": 16, ""truck"": 4, ""bus"": 0, ""motorcycle"": 0, ""bicycle"": 0}",1,3,4,horizontal
221,8.8,19,19,37.27380000054836,26.828496155081808,,,33.31860003527254,"{""car"": 16, ""truck"": 3}",19,"{""car"": 16, ""truck"": 3}",1,3,0,0,0,0,19,"{""car"": 16, ""truck"": 3, ""bus"": 0, ""motorcycle"": 0, ""bicycle"": 0}",1,3,4,horizontal
222,8.84,17,17,36.92859999136999,27.079282730287485,,,33.15039997687563,"{""car"": 14, ""truck"": 3}",17,"{""car"": 14, ""truck"": 3}",1,3,0,0,0,0,17,"{""car"": 14, ""truck"": 3, ""bus"": 0, ""motorcycle"": 0, ""bicycle"": 0}",1,3,4,horizontal
223,8.88,19,19,37.3014000360854,26.80864522598614,,,33.39679999044165,"{""car"": 16, ""truck"": 3}",19,"{""car"": 16, ""truck"": 3}",1,3,0,0,0,0,19,"{""car"": 16, ""truck"": 3, ""bus"": 0, ""motorcycle"": 0, ""bicycle"": 0}",1,3,4,horizontal
224,8.92,21,21,37.63149998849258,26.57348233011685,,,33.329400001093745,"{""car"": 17, ""truck"": 3, ""bus"": 1}",21,"{""car"": 17, ""truck"": 3, ""bus"": 1}",1,3,0,0,0,0,21,"{""car"": 17, ""truck"": 3, ""bus"": 1, ""motorcycle"": 0, ""bicycle"": 0}",1,3,4,horizontal
225,8.96,20,20,37.14480000780895,26.921668707053744,,,32.921899983193725,"{""car"": 16, ""truck"": 3, ""bus"": 1}",20,"{""car"": 16, ""truck"": 3, ""bus"": 1}",1,3,0,0,0,0,20,"{""car"": 16, ""truck"": 3, ""bus"": 1, ""motorcycle"": 0, ""bicycle"": 0}",1,3,4,horizontal
226,9.0,22,22,37.79319999739528,26.459786418427665,,,33.46199996303767,"{""car"": 18, ""truck"": 4}",22,"{""car"": 18, ""truck"": 4}",1,3,0,0,0,0,22,"{""car"": 18, ""truck"": 4, ""bus"": 0, ""motorcycle"": 0, ""bicycle"": 0}",1,3,4,horizontal
227,9.04,22,22,38.58520003268495,25.91667269193667,,,34.205199975986034,"{""car"": 17, ""truck"": 4, ""bus"": 1}",22,"{""car"": 17, ""truck"": 4, ""bus"": 1}",1,3,0,0,0,0,22,"{""car"": 17, ""truck"": 4, ""bus"": 1, ""motorcycle"": 0, ""bicycle"": 0}",1,3,4,horizontal
228,9.08,18,18,37.69169998122379,26.531040003453075,,,33.73480000300333,"{""car"": 15, ""truck"": 3}",18,"{""car"": 15, ""truck"": 3}",1,3,0,0,0,0,18,"{""car"": 15, ""truck"": 3, ""bus"": 0, ""motorcycle"": 0, ""bicycle"": 0}",1,3,4,horizontal
229,9.12,21,21,38.04509999463335,26.284593814737253,,,33.60239998437464,"{""car"": 17, ""truck"": 4}",21,"{""car"": 17, ""truck"": 4}",1,3,0,0,0,0,21,"{""car"": 17, ""truck"": 4, ""bus"": 0, ""motorcycle"": 0, ""bicycle"": 0}",1,3,4,horizontal
230,9.16,21,21,37.473300006240606,26.685666857027943,,,32.97129995189607,"{""car"": 17, ""truck"": 3, ""bus"": 1}",21,"{""car"": 17, ""truck"": 3, ""bus"": 1}",1,3,0,0,0,0,21,"{""car"": 17, ""truck"": 3, ""bus"": 1, ""motorcycle"": 0, ""bicycle"": 0}",1,3,4,horizontal
231,9.2,19,19,37.50800003763288,26.660978964398808,,,33.915999985765666,"{""car"": 15, ""truck"": 3, ""bus"": 1}",19,"{""car"": 15, ""truck"": 3, ""bus"": 1}",1,3,0,0,0,0,19,"{""car"": 15, ""truck"": 3, ""bus"": 1, ""motorcycle"": 0, ""bicycle"": 0}",1,3,4,horizontal
232,9.24,21,21,36.60789999412373,27.316508189776503,,,33.0625000060536,"{""car"": 17, ""truck"": 4}",21,"{""car"": 17, ""truck"": 4}",1,3,0,0,0,0,21,"{""car"": 17, ""truck"": 4, ""bus"": 0, ""motorcycle"": 0, ""bicycle"": 0}",1,3,4,horizontal
233,9.28,20,20,37.432100041769445,26.71503866692298,,,33.26370002469048,"{""car"": 16, ""truck"": 4}",20,"{""car"": 16, ""truck"": 4}",1,3,0,0,0,0,20,"{""car"": 16, ""truck"": 4, ""bus"": 0, ""motorcycle"": 0, ""bicycle"": 0}",1,3,4,horizontal
234,9.32,21,21,37.02980000525713,27.00527682725885,,,32.8443999751471,"{""car"": 16, ""truck"": 5}",21,"{""car"": 16, ""truck"": 5}",1,3,0,0,0,0,21,"{""car"": 16, ""truck"": 5, ""bus"": 0, ""motorcycle"": 0, ""bicycle"": 0}",1,3,4,horizontal
235,9.36,22,22,38.417300034780055,26.029939613004487,,,33.93430000869557,"{""car"": 17, ""truck"": 5}",22,"{""car"": 17, ""truck"": 5}",1,3,0,0,0,0,22,"{""car"": 17, ""truck"": 5, ""bus"": 0, ""motorcycle"": 0, ""bicycle"": 0}",1,3,4,horizontal
236,9.4,21,21,37.15970000484958,26.91087387329536,,,33.111699973233044,"{""car"": 17, ""truck"": 4}",21,"{""car"": 17, ""truck"": 4}",1,3,0,0,0,0,21,"{""car"": 17, ""truck"": 4, ""bus"": 0, ""motorcycle"": 0, ""bicycle"": 0}",1,3,4,horizontal
237,9.44,22,22,38.501700037159026,25.972879094556166,,,34.57709995564073,"{""car"": 18, ""truck"": 4}",22,"{""car"": 18, ""truck"": 4}",1,3,0,0,0,0,22,"{""car"": 18, ""truck"": 4, ""bus"": 0, ""motorcycle"": 0, ""bicycle"": 0}",1,3,4,horizontal
238,9.48,22,22,37.58699999889359,26.604943199229414,,,33.27300003729761,"{""car"": 18, ""truck"": 4}",22,"{""car"": 18, ""truck"": 4}",1,3,0,0,0,0,22,"{""car"": 18, ""truck"": 4, ""bus"": 0, ""motorcycle"": 0, ""bicycle"": 0}",1,3,4,horizontal
239,9.52,22,22,37.71990002132952,26.511204945785344,,,33.585499972105026,"{""car"": 18, ""truck"": 4}",22,"{""car"": 18, ""truck"": 4}",1,3,0,0,0,0,22,"{""car"": 18, ""truck"": 4, ""bus"": 0, ""motorcycle"": 0, ""bicycle"": 0}",1,3,4,horizontal
240,9.56,22,22,38.113499991595745,26.237422441405432,,,33.66959997219965,"{""car"": 17, ""truck"": 5}",22,"{""car"": 17, ""truck"": 5}",1,3,0,0,0,0,22,"{""car"": 17, ""truck"": 5, ""bus"": 0, ""motorcycle"": 0, ""bicycle"": 0}",1,3,4,horizontal
241,9.6,23,23,37.929899990558624,26.36442490617999,,,33.47790002590045,"{""car"": 19, ""truck"": 4}",23,"{""car"": 19, ""truck"": 4}",1,3,0,0,0,0,23,"{""car"": 19, ""truck"": 4, ""bus"": 0, ""motorcycle"": 0, ""bicycle"": 0}",1,3,4,horizontal
242,9.64,22,22,38.359500002115965,26.06916148398281,,,34.08160002436489,"{""car"": 18, ""truck"": 4}",22,"{""car"": 18, ""truck"": 4}",1,3,0,0,0,0,22,"{""car"": 18, ""truck"": 4, ""bus"": 0, ""motorcycle"": 0, ""bicycle"": 0}",1,3,4,horizontal
243,9.68,22,22,37.552100024186075,26.629669162468485,,,33.39539997978136,"{""car"": 18, ""truck"": 4}",22,"{""car"": 18, ""truck"": 4}",1,3,0,0,0,0,22,"{""car"": 18, ""truck"": 4, ""bus"": 0, ""motorcycle"": 0, ""bicycle"": 0}",1,3,4,horizontal
244,9.72,22,22,37.5544999842532,26.62796736527727,,,33.2407999667339,"{""car"": 17, ""truck"": 5}",22,"{""car"": 17, ""truck"": 5}",1,3,0,0,0,0,22,"{""car"": 17, ""truck"": 5, ""bus"": 0, ""motorcycle"": 0, ""bicycle"": 0}",1,3,4,horizontal
245,9.76,21,21,37.436300015542656,26.71204151010714,,,33.61179999774322,"{""car"": 18, ""truck"": 3}",21,"{""car"": 18, ""truck"": 3}",1,3,0,0,0,0,21,"{""car"": 18, ""truck"": 3, ""bus"": 0, ""motorcycle"": 0, ""bicycle"": 0}",1,3,4,horizontal
246,9.8,21,21,37.81479998724535,26.444672465206548,,,33.51519996067509,"{""car"": 17, ""truck"": 4}",21,"{""car"": 17, ""truck"": 4}",1,3,0,0,0,0,21,"{""car"": 17, ""truck"": 4, ""bus"": 0, ""motorcycle"": 0, ""bicycle"": 0}",1,3,4,horizontal
247,9.84,21,21,36.94209997775033,27.069386975897007,,,32.950300024822354,"{""car"": 17, ""truck"": 4}",21,"{""car"": 17, ""truck"": 4}",1,3,0,0,0,0,21,"{""car"": 17, ""truck"": 4, ""bus"": 0, ""motorcycle"": 0, ""bicycle"": 0}",1,3,4,horizontal
248,9.88,21,21,38.19669998483732,26.18027212814099,,,33.830999978818,"{""car"": 17, ""truck"": 4}",21,"{""car"": 17, ""truck"": 4}",1,3,0,0,0,0,21,"{""car"": 17, ""truck"": 4, ""bus"": 0, ""motorcycle"": 0, ""bicycle"": 0}",1,3,4,horizontal
249,9.92,21,21,37.7291000331752,26.504740349510058,,,33.46949996193871,"{""car"": 17, ""truck"": 4}",21,"{""car"": 17, ""truck"": 4}",1,3,0,0,0,0,21,"{""car"": 17, ""truck"": 4, ""bus"": 0, ""motorcycle"": 0, ""bicycle"": 0}",1,3,4,horizontal
250,9.96,21,21,36.26790002454072,27.572591722248838,,,32.24440000485629,"{""car"": 17, ""truck"": 4}",21,"{""car"": 17, ""truck"": 4}",1,3,0,0,0,0,21,"{""car"": 17, ""truck"": 4, ""bus"": 0, ""motorcycle"": 0, ""bicycle"": 0}",1,3,4,horizontal
251,10.0,20,20,42.26730001391843,23.65895147479741,,,37.91900002397597,"{""car"": 16, ""truck"": 4}",20,"{""car"": 16, ""truck"": 4}",1,3,0,0,0,0,20,"{""car"": 16, ""truck"": 4, ""bus"": 0, ""motorcycle"": 0, ""bicycle"": 0}",1,3,4,horizontal
252,10.04,20,20,37.37059998093173,26.759003080235477,,,33.31099997740239,"{""car"": 16, ""truck"": 4}",20,"{""car"": 16, ""truck"": 4}",1,3,0,0,0,0,20,"{""car"": 16, ""truck"": 4, ""bus"": 0, ""motorcycle"": 0, ""bicycle"": 0}",1,3,4,horizontal
253,10.08,20,20,36.652700044214725,27.283119628122467,,,32.570799987297505,"{""car"": 16, ""truck"": 4}",20,"{""car"": 16, ""truck"": 4}",1,3,0,0,0,0,20,"{""car"": 16, ""truck"": 4, ""bus"": 0, ""motorcycle"": 0, ""bicycle"": 0}",1,3,4,horizontal
254,10.12,19,19,37.01909998198971,27.013082448965896,,,32.88730001077056,"{""car"": 15, ""truck"": 4}",19,"{""car"": 15, ""truck"": 4}",1,3,0,0,0,0,19,"{""car"": 15, ""truck"": 4, ""bus"": 0, ""motorcycle"": 0, ""bicycle"": 0}",1,3,4,horizontal
255,10.16,19,19,37.412600009702146,26.728962962763124,,,33.12109998660162,"{""car"": 15, ""truck"": 4}",19,"{""car"": 15, ""truck"": 4}",1,3,0,0,0,0,19,"{""car"": 15, ""truck"": 4, ""bus"": 0, ""motorcycle"": 0, ""bicycle"": 0}",1,3,4,horizontal
256,10.2,19,19,38.06699998676777,26.26947225543394,,,33.904200012329966,"{""car"": 15, ""truck"": 4}",19,"{""car"": 15, ""truck"": 4}",1,3,0,0,0,0,19,"{""car"": 15, ""truck"": 4, ""bus"": 0, ""motorcycle"": 0, ""bicycle"": 0}",1,3,4,horizontal
257,10.24,19,19,38.174600049387664,26.19542833995036,,,34.00909999618307,"{""car"": 14, ""truck"": 5}",19,"{""car"": 14, ""truck"": 5}",1,3,0,0,0,0,19,"{""car"": 14, ""truck"": 5, ""bus"": 0, ""motorcycle"": 0, ""bicycle"": 0}",1,3,4,horizontal
258,10.28,19,19,37.32190001755953,26.793919911084682,,,33.28869998222217,"{""car"": 14, ""truck"": 5}",19,"{""car"": 14, ""truck"": 5}",1,4,0,0,0,0,19,"{""car"": 14, ""truck"": 5, ""bus"": 0, ""motorcycle"": 0, ""bicycle"": 0}",1,4,5,horizontal
259,10.32,18,18,34.25009996863082,29.196995072011052,,,30.96870001172647,"{""car"": 13, ""truck"": 5}",18,"{""car"": 13, ""truck"": 5}",1,4,0,0,0,0,18,"{""car"": 13, ""truck"": 5, ""bus"": 0, ""motorcycle"": 0, ""bicycle"": 0}",1,4,5,horizontal
260,10.36,19,19,37.02990000601858,27.005203898402833,,,32.688100007362664,"{""car"": 14, ""truck"": 5}",19,"{""car"": 14, ""truck"": 5}",1,4,0,0,0,0,19,"{""car"": 14, ""truck"": 5, ""bus"": 0, ""motorcycle"": 0, ""bicycle"": 0}",1,4,5,horizontal
261,10.4,19,19,36.922400002367795,27.08382986847743,,,32.72319998359308,"{""car"": 14, ""truck"": 5}",19,"{""car"": 14, ""truck"": 5}",1,4,0,0,0,0,19,"{""car"": 14, ""truck"": 5, ""bus"": 0, ""motorcycle"": 0, ""bicycle"": 0}",1,4,5,horizontal
262,10.44,18,18,37.45189995970577,26.700915069085756,,,33.60829997109249,"{""car"": 14, ""truck"": 4}",18,"{""car"": 14, ""truck"": 4}",1,4,0,0,0,0,18,"{""car"": 14, ""truck"": 4, ""bus"": 0, ""motorcycle"": 0, ""bicycle"": 0}",1,4,5,horizontal
263,10.48,18,18,35.57889995863661,28.106546328373895,,,31.95809997851029,"{""car"": 14, ""truck"": 4}",18,"{""car"": 14, ""truck"": 4}",1,4,0,0,0,0,18,"{""car"": 14, ""truck"": 4, ""bus"": 0, ""motorcycle"": 0, ""bicycle"": 0}",1,4,5,horizontal
264,10.52,17,17,39.229299989528954,25.491150753822247,,,35.316399997100234,"{""car"": 13, ""truck"": 4}",17,"{""car"": 13, ""truck"": 4}",1,4,0,0,0,0,17,"{""car"": 13, ""truck"": 4, ""bus"": 0, ""motorcycle"": 0, ""bicycle"": 0}",1,4,5,horizontal
265,10.56,18,18,40.189100021962076,24.882368588834574,,,36.876400001347065,"{""car"": 14, ""truck"": 4}",18,"{""car"": 14, ""truck"": 4}",1,4,0,0,0,0,18,"{""car"": 14, ""truck"": 4, ""bus"": 0, ""motorcycle"": 0, ""bicycle"": 0}",1,4,5,horizontal
266,10.6,17,17,39.111599966418,25.567862241857146,,,35.15660000266507,"{""car"": 13, ""truck"": 4}",17,"{""car"": 13, ""truck"": 4}",1,4,0,0,0,0,17,"{""car"": 13, ""truck"": 4, ""bus"": 0, ""motorcycle"": 0, ""bicycle"": 0}",1,4,5,horizontal
267,10.64,18,18,40.83290003472939,24.490055792007798,,,36.57820000080392,"{""car"": 14, ""truck"": 4}",18,"{""car"": 14, ""truck"": 4}",1,5,0,0,0,0,18,"{""car"": 14, ""truck"": 4, ""bus"": 0, ""motorcycle"": 0, ""bicycle"": 0}",1,5,6,horizontal
268,10.68,20,20,40.58910004096106,24.637156256010506,,,36.22199996607378,"{""car"": 15, ""truck"": 4, ""bus"": 1}",20,"{""car"": 15, ""truck"": 4, ""bus"": 1}",1,5,0,0,0,0,20,"{""car"": 15, ""truck"": 4, ""bus"": 1, ""motorcycle"": 0, ""bicycle"": 0}",1,5,6,horizontal
269,10.72,18,18,40.74760002549738,24.541322663770643,,,36.12510004313663,"{""car"": 14, ""truck"": 4}",18,"{""car"": 14, ""truck"": 4}",1,5,0,0,0,0,18,"{""car"": 14, ""truck"": 4, ""bus"": 0, ""motorcycle"": 0, ""bicycle"": 0}",1,5,6,horizontal
270,10.76,18,18,39.701899979263544,25.187711432508365,,,35.55089997826144,"{""car"": 14, ""truck"": 4}",18,"{""car"": 14, ""truck"": 4}",1,5,0,0,0,0,18,"{""car"": 14, ""truck"": 4, ""bus"": 0, ""motorcycle"": 0, ""bicycle"": 0}",1,5,6,horizontal
271,10.8,19,19,43.02590002771467,23.24181479889696,,,38.129799999296665,"{""car"": 15, ""truck"": 4}",19,"{""car"": 15, ""truck"": 4}",1,5,0,0,0,0,19,"{""car"": 15, ""truck"": 4, ""bus"": 0, ""motorcycle"": 0, ""bicycle"": 0}",1,5,6,horizontal
272,10.84,19,19,40.7190999831073,24.558499584098357,,,36.545999988447875,"{""car"": 15, ""truck"": 4}",19,"{""car"": 15, ""truck"": 4}",1,5,0,0,0,0,19,"{""car"": 15, ""truck"": 4, ""bus"": 0, ""motorcycle"": 0, ""bicycle"": 0}",1,5,6,horizontal
273,10.88,20,20,37.6475999946706,26.56211817331145,,,33.54470001067966,"{""car"": 16, ""truck"": 4}",20,"{""car"": 16, ""truck"": 4}",1,5,0,0,0,0,20,"{""car"": 16, ""truck"": 4, ""bus"": 0, ""motorcycle"": 0, ""bicycle"": 0}",1,5,6,horizontal
274,10.92,20,20,38.26489998027682,26.133610711525126,,,34.00819998933002,"{""car"": 15, ""truck"": 5}",20,"{""car"": 15, ""truck"": 5}",1,5,0,0,0,0,20,"{""car"": 15, ""truck"": 5, ""bus"": 0, ""motorcycle"": 0, ""bicycle"": 0}",1,5,6,horizontal
275,10.96,20,20,37.61509998003021,26.58506824469158,,,33.538400020916015,"{""car"": 15, ""truck"": 5}",20,"{""car"": 15, ""truck"": 5}",1,5,0,0,0,0,20,"{""car"": 15, ""truck"": 5, ""bus"": 0, ""motorcycle"": 0, ""bicycle"": 0}",1,5,6,horizontal
276,11.0,22,22,39.78529997402802,25.13491165462629,,,35.21960001671687,"{""car"": 17, ""truck"": 5}",22,"{""car"": 17, ""truck"": 5}",1,5,0,0,0,0,22,"{""car"": 17, ""truck"": 5, ""bus"": 0, ""motorcycle"": 0, ""bicycle"": 0}",1,5,6,horizontal
277,11.04,20,20,37.946199998259544,26.35309991635174,,,33.60530000645667,"{""car"": 15, ""truck"": 5}",20,"{""car"": 15, ""truck"": 5}",1,5,0,0,0,0,20,"{""car"": 15, ""truck"": 5, ""bus"": 0, ""motorcycle"": 0, ""bicycle"": 0}",1,5,6,horizontal
278,11.08,21,21,38.223400013521314,26.161984534244876,,,34.59960001055151,"{""car"": 16, ""truck"": 5}",21,"{""car"": 16, ""truck"": 5}",1,5,0,0,0,0,21,"{""car"": 16, ""truck"": 5, ""bus"": 0, ""motorcycle"": 0, ""bicycle"": 0}",1,5,6,horizontal
279,11.12,22,22,38.912000018171966,25.699013145893257,,,34.73970002960414,"{""car"": 18, ""truck"": 4}",22,"{""car"": 18, ""truck"": 4}",1,5,0,0,0,0,22,"{""car"": 18, ""truck"": 4, ""bus"": 0, ""motorcycle"": 0, ""bicycle"": 0}",1,5,6,horizontal
280,11.16,22,22,37.87269996246323,26.404243716215902,,,33.5821999469772,"{""car"": 18, ""truck"": 4}",22,"{""car"": 18, ""truck"": 4}",1,5,0,0,0,0,22,"{""car"": 18, ""truck"": 4, ""bus"": 0, ""motorcycle"": 0, ""bicycle"": 0}",1,5,6,horizontal
281,11.2,20,20,37.39289997611195,26.743044819707464,,,33.27529999660328,"{""car"": 16, ""truck"": 4}",20,"{""car"": 16, ""truck"": 4}",1,5,0,0,0,0,20,"{""car"": 16, ""truck"": 4, ""bus"": 0, ""motorcycle"": 0, ""bicycle"": 0}",1,5,6,horizontal
282,11.24,21,21,38.754999986849725,25.803122186538978,,,34.360499994363636,"{""car"": 17, ""truck"": 4}",21,"{""car"": 17, ""truck"": 4}",1,5,0,0,0,0,21,"{""car"": 17, ""truck"": 4, ""bus"": 0, ""motorcycle"": 0, ""bicycle"": 0}",1,5,6,horizontal
283,11.28,22,22,38.41610002564266,26.030752713901258,,,33.875800028909,"{""car"": 18, ""truck"": 4}",22,"{""car"": 18, ""truck"": 4}",1,5,0,0,0,0,22,"{""car"": 18, ""truck"": 4, ""bus"": 0, ""motorcycle"": 0, ""bicycle"": 0}",1,5,6,horizontal
284,11.32,21,21,38.36340003181249,26.06651128864385,,,33.929700031876564,"{""car"": 17, ""truck"": 4}",21,"{""car"": 17, ""truck"": 4}",1,5,0,0,0,0,21,"{""car"": 17, ""truck"": 4, ""bus"": 0, ""motorcycle"": 0, ""bicycle"": 0}",1,5,6,horizontal
285,11.36,23,23,38.614400022197515,25.897074651558725,,,35.10850004386157,"{""car"": 19, ""truck"": 4}",23,"{""car"": 19, ""truck"": 4}",1,5,0,0,0,0,23,"{""car"": 19, ""truck"": 4, ""bus"": 0, ""motorcycle"": 0, ""bicycle"": 0}",1,5,6,horizontal
286,11.4,21,21,39.01539999060333,25.630904725847877,,,34.60399998584762,"{""car"": 17, ""truck"": 4}",21,"{""car"": 17, ""truck"": 4}",1,5,0,0,0,0,21,"{""car"": 17, ""truck"": 4, ""bus"": 0, ""motorcycle"": 0, ""bicycle"": 0}",1,5,6,horizontal
287,11.44,22,22,39.45679997559637,25.34417389698328,,,35.10039998218417,"{""car"": 17, ""truck"": 4, ""bus"": 1}",22,"{""car"": 17, ""truck"": 4, ""bus"": 1}",1,5,0,0,0,0,22,"{""car"": 17, ""truck"": 4, ""bus"": 1, ""motorcycle"": 0, ""bicycle"": 0}",1,5,6,horizontal
288,11.48,23,23,39.420199987944216,25.367704890026626,,,34.93090003030375,"{""car"": 17, ""truck"": 5, ""bus"": 1}",23,"{""car"": 17, ""truck"": 5, ""bus"": 1}",1,5,0,0,0,0,23,"{""car"": 17, ""truck"": 5, ""bus"": 1, ""motorcycle"": 0, ""bicycle"": 0}",1,5,6,horizontal
289,11.52,21,21,36.3433999591507,27.51531230220566,,,32.79100003419444,"{""car"": 16, ""truck"": 4, ""bus"": 1}",21,"{""car"": 16, ""truck"": 4, ""bus"": 1}",1,5,0,0,0,0,21,"{""car"": 16, ""truck"": 4, ""bus"": 1, ""motorcycle"": 0, ""bicycle"": 0}",1,5,6,horizontal
290,11.56,20,20,37.83260000636801,26.4322304000169,,,33.84469996672124,"{""car"": 16, ""truck"": 4}",20,"{""car"": 16, ""truck"": 4}",1,5,0,0,0,0,20,"{""car"": 16, ""truck"": 4, ""bus"": 0, ""motorcycle"": 0, ""bicycle"": 0}",1,5,6,horizontal
291,11.6,22,22,39.91640004096553,25.052359405500418,,,35.71530000772327,"{""car"": 16, ""truck"": 4, ""bus"": 2}",22,"{""car"": 16, ""truck"": 4, ""bus"": 2}",1,5,0,0,0,0,22,"{""car"": 16, ""truck"": 4, ""bus"": 2, ""motorcycle"": 0, ""bicycle"": 0}",1,5,6,horizontal
292,11.64,20,20,37.81389998039231,26.4453018736108,,,34.22079997835681,"{""car"": 15, ""truck"": 3, ""bus"": 2}",20,"{""car"": 15, ""truck"": 3, ""bus"": 2}",1,5,0,0,0,0,20,"{""car"": 15, ""truck"": 3, ""bus"": 2, ""motorcycle"": 0, ""bicycle"": 0}",1,5,6,horizontal
293,11.68,20,20,37.017000024206936,27.01461488899854,,,32.82990003935993,"{""car"": 16, ""truck"": 3, ""bus"": 1}",20,"{""car"": 16, ""truck"": 3, ""bus"": 1}",1,5,0,0,0,0,20,"{""car"": 16, ""truck"": 3, ""bus"": 1, ""motorcycle"": 0, ""bicycle"": 0}",1,5,6,horizontal
294,11.72,19,19,37.363899988122284,26.76380143180698,,,33.35699997842312,"{""car"": 15, ""bus"": 2, ""truck"": 2}",19,"{""car"": 15, ""bus"": 2, ""truck"": 2}",1,5,0,0,0,0,19,"{""car"": 15, ""truck"": 2, ""bus"": 2, ""motorcycle"": 0, ""bicycle"": 0}",1,5,6,horizontal
295,11.76,20,20,36.51160001754761,27.388555952612222,,,33.05900003761053,"{""car"": 15, ""bus"": 3, ""truck"": 2}",20,"{""car"": 15, ""bus"": 3, ""truck"": 2}",1,5,0,0,0,0,20,"{""car"": 15, ""truck"": 2, ""bus"": 3, ""motorcycle"": 0, ""bicycle"": 0}",1,5,6,horizontal
296,11.8,20,20,39.7067999583669,25.18460316743009,,,34.99199997168034,"{""car"": 15, ""bus"": 3, ""truck"": 2}",20,"{""car"": 15, ""bus"": 3, ""truck"": 2}",1,5,0,0,0,0,20,"{""car"": 15, ""truck"": 2, ""bus"": 3, ""motorcycle"": 0, ""bicycle"": 0}",1,5,6,horizontal
297,11.84,22,22,38.648300047498196,25.874359254378966,,,34.16529996320605,"{""car"": 17, ""truck"": 3, ""bus"": 2}",22,"{""car"": 17, ""truck"": 3, ""bus"": 2}",1,5,0,0,0,0,22,"{""car"": 17, ""truck"": 3, ""bus"": 2, ""motorcycle"": 0, ""bicycle"": 0}",1,5,6,horizontal
298,11.88,20,20,37.38850000081584,26.74619201032883,,,34.09640002064407,"{""car"": 16, ""truck"": 3, ""bus"": 1}",20,"{""car"": 16, ""truck"": 3, ""bus"": 1}",1,5,0,0,0,0,20,"{""car"": 16, ""truck"": 3, ""bus"": 1, ""motorcycle"": 0, ""bicycle"": 0}",1,5,6,horizontal
299,11.92,19,19,38.32029999466613,26.09582910726669,,,34.24390003783628,"{""car"": 15, ""truck"": 3, ""bus"": 1}",19,"{""car"": 15, ""truck"": 3, ""bus"": 1}",1,5,0,0,0,0,19,"{""car"": 15, ""truck"": 3, ""bus"": 1, ""motorcycle"": 0, ""bicycle"": 0}",1,5,6,horizontal
300,11.96,19,19,38.337200006935745,26.084325402457292,,,34.356200019828975,"{""car"": 15, ""truck"": 3, ""bus"": 1}",19,"{""car"": 15, ""truck"": 3, ""bus"": 1}",1,5,0,0,0,0,19,"{""car"": 15, ""truck"": 3, ""bus"": 1, ""motorcycle"": 0, ""bicycle"": 0}",1,5,6,horizontal
301,12.0,22,22,38.392000016756356,26.047093133036718,,,33.94649998517707,"{""car"": 17, ""truck"": 3, ""bus"": 2}",22,"{""car"": 17, ""truck"": 3, ""bus"": 2}",1,6,0,0,0,0,22,"{""car"": 17, ""truck"": 3, ""bus"": 2, ""motorcycle"": 0, ""bicycle"": 0}",1,6,7,horizontal
302,12.04,19,19,39.58059998694807,25.264902511072485,,,35.3836000431329,"{""car"": 15, ""truck"": 3, ""bus"": 1}",19,"{""car"": 15, ""truck"": 3, ""bus"": 1}",1,6,0,0,0,0,19,"{""car"": 15, ""truck"": 3, ""bus"": 1, ""motorcycle"": 0, ""bicycle"": 0}",1,6,7,horizontal
303,12.08,19,19,39.02720002224669,25.62315511822446,,,34.6191999851726,"{""car"": 15, ""truck"": 3, ""bus"": 1}",19,"{""car"": 15, ""truck"": 3, ""bus"": 1}",1,6,0,0,0,0,19,"{""car"": 15, ""truck"": 3, ""bus"": 1, ""motorcycle"": 0, ""bicycle"": 0}",1,6,7,horizontal
304,12.12,19,19,40.300399996340275,24.813649494566086,,,36.15719999652356,"{""car"": 14, ""truck"": 4, ""bus"": 1}",19,"{""car"": 14, ""truck"": 4, ""bus"": 1}",1,6,0,0,0,0,19,"{""car"": 14, ""truck"": 4, ""bus"": 1, ""motorcycle"": 0, ""bicycle"": 0}",1,6,7,horizontal
305,12.16,20,20,38.171199965290725,26.197761687065256,,,33.91359996749088,"{""car"": 16, ""truck"": 4}",20,"{""car"": 16, ""truck"": 4}",1,6,0,0,0,0,20,"{""car"": 16, ""truck"": 4, ""bus"": 0, ""motorcycle"": 0, ""bicycle"": 0}",1,6,7,horizontal
306,12.2,20,20,38.93560002325103,25.683436222963913,,,34.79439998045564,"{""car"": 15, ""truck"": 4, ""bus"": 1}",20,"{""car"": 15, ""truck"": 4, ""bus"": 1}",1,6,0,0,0,0,20,"{""car"": 15, ""truck"": 4, ""bus"": 1, ""motorcycle"": 0, ""bicycle"": 0}",1,6,7,horizontal
307,12.24,18,18,36.32429998833686,27.52978034872203,,,33.09660003287718,"{""car"": 14, ""truck"": 3, ""bus"": 1}",18,"{""car"": 14, ""truck"": 3, ""bus"": 1}",1,6,0,0,0,0,18,"{""car"": 14, ""truck"": 3, ""bus"": 1, ""motorcycle"": 0, ""bicycle"": 0}",1,6,7,horizontal
308,12.28,17,17,39.146199997048825,25.54526365459198,,,35.10469995671883,"{""car"": 14, ""truck"": 2, ""bus"": 1}",17,"{""car"": 14, ""truck"": 2, ""bus"": 1}",1,6,0,0,0,0,17,"{""car"": 14, ""truck"": 2, ""bus"": 1, ""motorcycle"": 0, ""bicycle"": 0}",1,6,7,horizontal
309,12.32,19,19,39.261900004930794,25.46998489310025,,,35.061300033703446,"{""car"": 15, ""truck"": 3, ""bus"": 1}",19,"{""car"": 15, ""truck"": 3, ""bus"": 1}",1,6,0,0,0,0,19,"{""car"": 15, ""truck"": 3, ""bus"": 1, ""motorcycle"": 0, ""bicycle"": 0}",1,6,7,horizontal
310,12.36,20,20,38.18949998822063,26.18520798409105,,,33.99590001208708,"{""car"": 16, ""truck"": 3, ""bus"": 1}",20,"{""car"": 16, ""truck"": 3, ""bus"": 1}",1,6,0,0,0,0,20,"{""car"": 16, ""truck"": 3, ""bus"": 1, ""motorcycle"": 0, ""bicycle"": 0}",1,6,7,horizontal
311,12.4,18,18,39.13630003808066,25.551725610928305,,,35.69360001711175,"{""car"": 15, ""truck"": 3}",18,"{""car"": 15, ""truck"": 3}",1,6,0,0,0,0,18,"{""car"": 15, ""truck"": 3, ""bus"": 0, ""motorcycle"": 0, ""bicycle"": 0}",1,6,7,horizontal
312,12.44,17,17,37.015800015069544,27.015490671358958,,,33.120399981271476,"{""car"": 14, ""truck"": 3}",17,"{""car"": 14, ""truck"": 3}",1,6,0,0,0,0,17,"{""car"": 14, ""truck"": 3, ""bus"": 0, ""motorcycle"": 0, ""bicycle"": 0}",1,6,7,horizontal
313,12.48,19,19,38.83889998542145,25.747382144585956,,,34.47359998244792,"{""car"": 15, ""truck"": 3, ""bus"": 1}",19,"{""car"": 15, ""truck"": 3, ""bus"": 1}",1,6,0,0,0,0,19,"{""car"": 15, ""truck"": 3, ""bus"": 1, ""motorcycle"": 0, ""bicycle"": 0}",1,6,7,horizontal
314,12.52,18,18,37.0458000106737,26.993613303313147,,,32.72720001405105,"{""car"": 15, ""truck"": 3}",18,"{""car"": 15, ""truck"": 3}",1,6,0,0,0,0,18,"{""car"": 15, ""truck"": 3, ""bus"": 0, ""motorcycle"": 0, ""bicycle"": 0}",1,6,7,horizontal
315,12.56,20,20,39.58700003568083,25.26081792251681,,,35.19450000021607,"{""car"": 16, ""truck"": 3, ""bus"": 1}",20,"{""car"": 16, ""truck"": 3, ""bus"": 1}",1,6,0,0,0,0,20,"{""car"": 16, ""truck"": 3, ""bus"": 1, ""motorcycle"": 0, ""bicycle"": 0}",1,6,7,horizontal
316,12.6,19,19,38.903100008610636,25.704892406483406,,,34.742999996524304,"{""car"": 16, ""truck"": 3}",19,"{""car"": 16, ""truck"": 3}",1,6,0,0,0,0,19,"{""car"": 16, ""truck"": 3, ""bus"": 0, ""motorcycle"": 0, ""bicycle"": 0}",1,6,7,horizontal
317,12.64,22,22,39.614500012248755,25.24328212373755,,,35.37429997231811,"{""car"": 17, ""truck"": 4, ""bus"": 1}",22,"{""car"": 17, ""truck"": 4, ""bus"": 1}",1,6,0,0,0,0,22,"{""car"": 17, ""truck"": 4, ""bus"": 1, ""motorcycle"": 0, ""bicycle"": 0}",1,6,7,horizontal
318,12.68,21,21,38.53309998521581,25.951714250441178,,,34.04090000549331,"{""car"": 17, ""truck"": 4}",21,"{""car"": 17, ""truck"": 4}",1,6,0,0,0,0,21,"{""car"": 17, ""truck"": 4, ""bus"": 0, ""motorcycle"": 0, ""bicycle"": 0}",1,6,7,horizontal
319,12.72,21,21,37.61459997622296,26.58542163500669,,,33.274200046435,"{""car"": 17, ""truck"": 4}",21,"{""car"": 17, ""truck"": 4}",1,6,0,0,0,0,21,"{""car"": 17, ""truck"": 4, ""bus"": 0, ""motorcycle"": 0, ""bicycle"": 0}",1,6,7,horizontal
320,12.76,21,21,38.37510000448674,26.058564013724578,,,34.05950003070757,"{""car"": 17, ""truck"": 4}",21,"{""car"": 17, ""truck"": 4}",1,6,0,0,0,0,21,"{""car"": 17, ""truck"": 4, ""bus"": 0, ""motorcycle"": 0, ""bicycle"": 0}",1,6,7,horizontal
321,12.8,23,23,39.663299976382405,25.212223909645747,,,35.07380001246929,"{""car"": 18, ""truck"": 4, ""bus"": 1}",23,"{""car"": 18, ""truck"": 4, ""bus"": 1}",1,6,0,0,0,0,23,"{""car"": 18, ""truck"": 4, ""bus"": 1, ""motorcycle"": 0, ""bicycle"": 0}",1,6,7,horizontal
322,12.84,23,23,38.574300007894635,25.92399602313819,,,34.11419998155907,"{""car"": 18, ""truck"": 4, ""bus"": 1}",23,"{""car"": 18, ""truck"": 4, ""bus"": 1}",1,6,0,0,0,0,23,"{""car"": 18, ""truck"": 4, ""bus"": 1, ""motorcycle"": 0, ""bicycle"": 0}",1,6,7,horizontal
323,12.88,23,23,38.387800042983145,26.049942921456598,,,33.87280000606552,"{""car"": 18, ""truck"": 4, ""bus"": 1}",23,"{""car"": 18, ""truck"": 4, ""bus"": 1}",1,6,0,0,0,0,23,"{""car"": 18, ""truck"": 4, ""bus"": 1, ""motorcycle"": 0, ""bicycle"": 0}",1,6,7,horizontal
324,12.92,22,22,38.67179999360815,25.85863601294185,,,34.09709996776655,"{""car"": 17, ""truck"": 4, ""bus"": 1}",22,"{""car"": 17, ""truck"": 4, ""bus"": 1}",1,6,0,0,0,0,22,"{""car"": 17, ""truck"": 4, ""bus"": 1, ""motorcycle"": 0, ""bicycle"": 0}",1,6,7,horizontal
325,12.96,21,21,38.599700026679784,25.90693708264076,,,34.224299946799874,"{""car"": 18, ""truck"": 3}",21,"{""car"": 18, ""truck"": 3}",1,6,0,0,0,0,21,"{""car"": 18, ""truck"": 3, ""bus"": 0, ""motorcycle"": 0, ""bicycle"": 0}",1,6,7,horizontal
326,13.0,23,23,37.860299984458834,26.4128916149763,,,33.19570003077388,"{""car"": 18, ""truck"": 4, ""bus"": 1}",23,"{""car"": 18, ""truck"": 4, ""bus"": 1}",1,6,0,0,0,0,23,"{""car"": 18, ""truck"": 4, ""bus"": 1, ""motorcycle"": 0, ""bicycle"": 0}",1,6,7,horizontal
327,13.04,25,25,39.05490000033751,25.604981705019295,,,34.12530000787228,"{""car"": 19, ""truck"": 5, ""bus"": 1}",25,"{""car"": 19, ""truck"": 5, ""bus"": 1}",1,6,0,0,0,0,25,"{""car"": 19, ""truck"": 5, ""bus"": 1, ""motorcycle"": 0, ""bicycle"": 0}",1,6,7,horizontal
328,13.08,25,25,39.36620004242286,25.4025026271866,,,34.591900010127574,"{""car"": 19, ""truck"": 5, ""bus"": 1}",25,"{""car"": 19, ""truck"": 5, ""bus"": 1}",1,6,0,0,0,0,25,"{""car"": 19, ""truck"": 5, ""bus"": 1, ""motorcycle"": 0, ""bicycle"": 0}",1,6,7,horizontal
329,13.12,25,25,37.63100004289299,26.573835371373832,,,32.76229999028146,"{""car"": 18, ""truck"": 5, ""bus"": 2}",25,"{""car"": 18, ""truck"": 5, ""bus"": 2}",1,6,0,0,0,0,25,"{""car"": 18, ""truck"": 5, ""bus"": 2, ""motorcycle"": 0, ""bicycle"": 0}",1,6,7,horizontal
330,13.16,23,23,38.02400000859052,26.29917945965907,,,33.495199983008206,"{""car"": 17, ""truck"": 5, ""bus"": 1}",23,"{""car"": 17, ""truck"": 5, ""bus"": 1}",1,7,0,0,0,0,23,"{""car"": 17, ""truck"": 5, ""bus"": 1, ""motorcycle"": 0, ""bicycle"": 0}",1,7,8,horizontal
331,13.2,20,20,40.61980004189536,24.618535762573856,,,36.33889998309314,"{""car"": 15, ""truck"": 5}",20,"{""car"": 15, ""truck"": 5}",1,7,0,0,0,0,20,"{""car"": 15, ""truck"": 5, ""bus"": 0, ""motorcycle"": 0, ""bicycle"": 0}",1,7,8,horizontal
332,13.24,22,22,38.40810002293438,26.036174645527286,,,33.89920003246516,"{""car"": 17, ""truck"": 5}",22,"{""car"": 17, ""truck"": 5}",1,7,0,0,0,0,22,"{""car"": 17, ""truck"": 5, ""bus"": 0, ""motorcycle"": 0, ""bicycle"": 0}",1,7,8,horizontal
333,13.28,22,22,39.24620000179857,25.48017387553883,,,34.8054000060074,"{""car"": 17, ""truck"": 5}",22,"{""car"": 17, ""truck"": 5}",1,7,0,0,0,0,22,"{""car"": 17, ""truck"": 5, ""bus"": 0, ""motorcycle"": 0, ""bicycle"": 0}",1,7,8,horizontal
334,13.32,20,20,38.17199997138232,26.19721263621774,,,33.95709994947538,"{""car"": 15, ""truck"": 5}",20,"{""car"": 15, ""truck"": 5}",1,7,0,0,0,0,20,"{""car"": 15, ""truck"": 5, ""bus"": 0, ""motorcycle"": 0, ""bicycle"": 0}",1,7,8,horizontal
335,13.36,21,21,39.701799978502095,25.187774875231963,,,35.255299997515976,"{""car"": 16, ""truck"": 5}",21,"{""car"": 16, ""truck"": 5}",1,7,0,0,0,0,21,"{""car"": 16, ""truck"": 5, ""bus"": 0, ""motorcycle"": 0, ""bicycle"": 0}",1,7,8,horizontal
336,13.4,23,23,38.08040003059432,26.26022833784798,,,33.624200033955276,"{""car"": 17, ""bus"": 2, ""truck"": 4}",23,"{""car"": 17, ""bus"": 2, ""truck"": 4}",1,7,0,0,0,0,23,"{""car"": 17, ""truck"": 4, ""bus"": 2, ""motorcycle"": 0, ""bicycle"": 0}",1,7,8,horizontal
337,13.44,22,22,38.062899955548346,26.27230193095763,,,33.76129997195676,"{""car"": 16, ""bus"": 2, ""truck"": 4}",22,"{""car"": 16, ""bus"": 2, ""truck"": 4}",1,7,0,0,0,0,22,"{""car"": 16, ""truck"": 4, ""bus"": 2, ""motorcycle"": 0, ""bicycle"": 0}",1,7,8,horizontal
338,13.48,23,23,37.66279999399558,26.551398200862014,,,32.97000000020489,"{""car"": 17, ""bus"": 2, ""truck"": 4}",23,"{""car"": 17, ""bus"": 2, ""truck"": 4}",1,7,0,0,0,0,23,"{""car"": 17, ""truck"": 4, ""bus"": 2, ""motorcycle"": 0, ""bicycle"": 0}",1,7,8,horizontal
339,13.52,23,23,38.67699997499585,25.85515941377269,,,34.3523999908939,"{""car"": 17, ""bus"": 2, ""truck"": 4}",23,"{""car"": 17, ""bus"": 2, ""truck"": 4}",1,7,0,0,0,0,23,"{""car"": 17, ""truck"": 4, ""bus"": 2, ""motorcycle"": 0, ""bicycle"": 0}",1,7,8,horizontal
340,13.56,23,23,38.149200030602515,26.21286944936775,,,34.499799949117005,"{""car"": 17, ""truck"": 5, ""bus"": 1}",23,"{""car"": 17, ""truck"": 5, ""bus"": 1}",1,7,0,0,0,0,23,"{""car"": 17, ""truck"": 5, ""bus"": 1, ""motorcycle"": 0, ""bicycle"": 0}",1,7,8,horizontal
341,13.6,24,24,37.765500019304454,26.479193959800178,,,33.18009997019544,"{""car"": 17, ""truck"": 5, ""bus"": 2}",24,"{""car"": 17, ""truck"": 5, ""bus"": 2}",1,7,0,0,0,0,24,"{""car"": 17, ""truck"": 5, ""bus"": 2, ""motorcycle"": 0, ""bicycle"": 0}",1,7,8,horizontal
342,13.64,23,23,46.465099963825196,21.521529078352078,,,41.87770001590252,"{""car"": 18, ""truck"": 5}",23,"{""car"": 18, ""truck"": 5}",1,7,0,0,0,0,23,"{""car"": 18, ""truck"": 5, ""bus"": 0, ""motorcycle"": 0, ""bicycle"": 0}",1,7,8,horizontal
343,13.68,24,24,38.22250000666827,26.162600557931604,,,33.602100040297955,"{""car"": 19, ""truck"": 4, ""bus"": 1}",24,"{""car"": 19, ""truck"": 4, ""bus"": 1}",1,7,0,0,0,0,24,"{""car"": 19, ""truck"": 4, ""bus"": 1, ""motorcycle"": 0, ""bicycle"": 0}",1,7,8,horizontal
344,13.72,23,23,41.629299987107515,24.021542526770745,,,37.98389999428764,"{""car"": 17, ""truck"": 5, ""bus"": 1}",23,"{""car"": 17, ""truck"": 5, ""bus"": 1}",1,7,0,0,0,0,23,"{""car"": 17, ""truck"": 5, ""bus"": 1, ""motorcycle"": 0, ""bicycle"": 0}",1,7,8,horizontal
345,13.76,22,22,40.571500023361295,24.64784391565987,,,36.18090000236407,"{""car"": 18, ""truck"": 4}",22,"{""car"": 18, ""truck"": 4}",1,7,0,0,0,0,22,"{""car"": 18, ""truck"": 4, ""bus"": 0, ""motorcycle"": 0, ""bicycle"": 0}",1,7,8,horizontal
346,13.8,22,22,41.08909994829446,24.337354706196436,,,36.74199996748939,"{""car"": 17, ""truck"": 4, ""bus"": 1}",22,"{""car"": 17, ""truck"": 4, ""bus"": 1}",1,7,0,0,0,0,22,"{""car"": 17, ""truck"": 4, ""bus"": 1, ""motorcycle"": 0, ""bicycle"": 0}",1,7,8,horizontal
347,13.84,23,23,41.40490002464503,24.151730819414606,,,36.35219996795058,"{""car"": 17, ""truck"": 4, ""bus"": 2}",23,"{""car"": 17, ""truck"": 4, ""bus"": 2}",1,7,0,0,0,0,23,"{""car"": 17, ""truck"": 4, ""bus"": 2, ""motorcycle"": 0, ""bicycle"": 0}",1,7,8,horizontal
348,13.88,24,24,43.85120002552867,22.804393024998955,,,39.30240002227947,"{""car"": 18, ""bus"": 3, ""truck"": 3}",24,"{""car"": 18, ""bus"": 3, ""truck"": 3}",1,7,0,0,0,0,24,"{""car"": 18, ""truck"": 3, ""bus"": 3, ""motorcycle"": 0, ""bicycle"": 0}",1,7,8,horizontal
349,13.92,24,24,41.851599991787225,23.89394910101969,,,37.28419996332377,"{""car"": 18, ""bus"": 3, ""truck"": 3}",24,"{""car"": 18, ""bus"": 3, ""truck"": 3}",1,7,0,0,0,0,24,"{""car"": 18, ""truck"": 3, ""bus"": 3, ""motorcycle"": 0, ""bicycle"": 0}",1,7,8,horizontal
350,13.96,22,22,41.285799990873784,24.22140300590154,,,36.9020999642089,"{""car"": 18, ""bus"": 2, ""truck"": 2}",22,"{""car"": 18, ""bus"": 2, ""truck"": 2}",1,7,0,0,0,0,22,"{""car"": 18, ""truck"": 2, ""bus"": 2, ""motorcycle"": 0, ""bicycle"": 0}",1,7,8,horizontal
351,14.0,22,22,41.93329997360706,23.84739576015727,,,37.92189998785034,"{""car"": 17, ""bus"": 2, ""truck"": 3}",22,"{""car"": 17, ""bus"": 2, ""truck"": 3}",1,7,0,0,0,0,22,"{""car"": 17, ""truck"": 3, ""bus"": 2, ""motorcycle"": 0, ""bicycle"": 0}",1,7,8,horizontal
352,14.04,20,20,40.11870000977069,24.926031993969282,,,35.566900041885674,"{""car"": 15, ""truck"": 5}",20,"{""car"": 15, ""truck"": 5}",1,7,0,0,0,0,20,"{""car"": 15, ""truck"": 5, ""bus"": 0, ""motorcycle"": 0, ""bicycle"": 0}",1,7,8,horizontal
353,14.08,19,19,38.489900005515665,25.980841723587186,,,34.40150001551956,"{""car"": 16, ""truck"": 3}",19,"{""car"": 16, ""truck"": 3}",1,7,0,0,0,0,19,"{""car"": 16, ""truck"": 3, ""bus"": 0, ""motorcycle"": 0, ""bicycle"": 0}",1,7,8,horizontal
354,14.12,22,22,38.935700024012476,25.68337025874143,,,34.542699984740466,"{""car"": 19, ""truck"": 3}",22,"{""car"": 19, ""truck"": 3}",1,7,0,0,0,0,22,"{""car"": 19, ""truck"": 3, ""bus"": 0, ""motorcycle"": 0, ""bicycle"": 0}",1,7,8,horizontal
355,14.16,23,23,40.601199958473444,24.629813922317354,,,36.17899998789653,"{""car"": 19, ""truck"": 4}",23,"{""car"": 19, ""truck"": 4}",1,7,0,0,0,0,23,"{""car"": 19, ""truck"": 4, ""bus"": 0, ""motorcycle"": 0, ""bicycle"": 0}",1,7,8,horizontal
356,14.2,24,24,38.00739999860525,26.3106658186747,,,34.324900014325976,"{""car"": 19, ""truck"": 5}",24,"{""car"": 19, ""truck"": 5}",2,7,0,0,0,0,24,"{""car"": 19, ""truck"": 5, ""bus"": 0, ""motorcycle"": 0, ""bicycle"": 0}",2,7,9,horizontal
357,14.24,22,22,40.005400020163506,24.99662544296471,,,35.5748999863863,"{""car"": 18, ""truck"": 4}",22,"{""car"": 18, ""truck"": 4}",2,7,0,0,0,0,22,"{""car"": 18, ""truck"": 4, ""bus"": 0, ""motorcycle"": 0, ""bicycle"": 0}",2,7,9,horizontal
358,14.28,22,22,40.521300048567355,24.678378995773492,,,35.8983000041917,"{""car"": 18, ""truck"": 4}",22,"{""car"": 18, ""truck"": 4}",2,8,0,0,0,0,22,"{""car"": 18, ""truck"": 4, ""bus"": 0, ""motorcycle"": 0, ""bicycle"": 0}",2,8,10,horizontal
359,14.32,23,23,39.07259996049106,25.593382600880602,,,34.45470001315698,"{""car"": 19, ""truck"": 4}",23,"{""car"": 19, ""truck"": 4}",2,8,0,0,0,0,23,"{""car"": 19, ""truck"": 4, ""bus"": 0, ""motorcycle"": 0, ""bicycle"": 0}",2,8,10,horizontal
360,14.36,24,24,38.870599993970245,25.726384469370778,,,34.39250000519678,"{""car"": 20, ""truck"": 4}",24,"{""car"": 20, ""truck"": 4}",2,8,0,0,0,0,24,"{""car"": 20, ""truck"": 4, ""bus"": 0, ""motorcycle"": 0, ""bicycle"": 0}",2,8,10,horizontal
361,14.4,25,25,39.99850002583116,25.00093751901188,,,35.272000008262694,"{""car"": 18, ""truck"": 4, ""bus"": 3}",25,"{""car"": 18, ""truck"": 4, ""bus"": 3}",2,8,0,0,0,0,25,"{""car"": 18, ""truck"": 4, ""bus"": 3, ""motorcycle"": 0, ""bicycle"": 0}",2,8,10,horizontal
362,14.44,26,26,39.44009996484965,25.35490530934845,,,34.37330003362149,"{""car"": 19, ""truck"": 6, ""bus"": 1}",26,"{""car"": 19, ""truck"": 6, ""bus"": 1}",2,8,0,0,0,0,26,"{""car"": 19, ""truck"": 6, ""bus"": 1, ""motorcycle"": 0, ""bicycle"": 0}",2,8,10,horizontal
363,14.48,26,26,41.11190000548959,24.323857565971704,,,36.2145000253804,"{""car"": 19, ""truck"": 5, ""bus"": 2}",26,"{""car"": 19, ""truck"": 5, ""bus"": 2}",2,8,0,0,0,0,26,"{""car"": 19, ""truck"": 5, ""bus"": 2, ""motorcycle"": 0, ""bicycle"": 0}",2,8,10,horizontal
364,14.52,24,24,39.03600003104657,25.617378809423823,,,34.370900015346706,"{""car"": 17, ""truck"": 5, ""bus"": 2}",24,"{""car"": 17, ""truck"": 5, ""bus"": 2}",2,8,0,0,0,0,24,"{""car"": 17, ""truck"": 5, ""bus"": 2, ""motorcycle"": 0, ""bicycle"": 0}",2,8,10,horizontal
365,14.56,23,23,38.79920003237203,25.773727271842002,,,34.258499974384904,"{""car"": 16, ""truck"": 6, ""bus"": 1}",23,"{""car"": 16, ""truck"": 6, ""bus"": 1}",2,8,0,0,0,0,23,"{""car"": 16, ""truck"": 6, ""bus"": 1, ""motorcycle"": 0, ""bicycle"": 0}",2,8,10,horizontal
366,14.6,22,22,38.431799970567226,26.02011877574936,,,33.855499990750104,"{""car"": 15, ""truck"": 5, ""bus"": 2}",22,"{""car"": 15, ""truck"": 5, ""bus"": 2}",2,8,0,0,0,0,22,"{""car"": 15, ""truck"": 5, ""bus"": 2, ""motorcycle"": 0, ""bicycle"": 0}",2,8,10,horizontal
367,14.64,24,24,40.07729998556897,24.951780692813134,,,35.375699982978404,"{""car"": 15, ""truck"": 7, ""bus"": 2}",24,"{""car"": 15, ""truck"": 7, ""bus"": 2}",2,8,0,0,0,0,24,"{""car"": 15, ""truck"": 7, ""bus"": 2, ""motorcycle"": 0, ""bicycle"": 0}",2,8,10,horizontal
368,14.68,23,23,40.36189999897033,24.77584058296341,,,35.70239996770397,"{""car"": 17, ""truck"": 6}",23,"{""car"": 17, ""truck"": 6}",2,8,0,0,0,0,23,"{""car"": 17, ""truck"": 6, ""bus"": 0, ""motorcycle"": 0, ""bicycle"": 0}",2,8,10,horizontal
369,14.72,23,23,39.17309996904805,25.527721849691055,,,34.51109997695312,"{""car"": 18, ""truck"": 5}",23,"{""car"": 18, ""truck"": 5}",2,8,0,0,0,0,23,"{""car"": 18, ""truck"": 5, ""bus"": 0, ""motorcycle"": 0, ""bicycle"": 0}",2,8,10,horizontal
370,14.76,23,23,47.354099981021136,21.117495642421375,,,42.24189999513328,"{""car"": 18, ""truck"": 4, ""bus"": 1}",23,"{""car"": 18, ""truck"": 4, ""bus"": 1}",2,8,0,0,0,0,23,"{""car"": 18, ""truck"": 4, ""bus"": 1, ""motorcycle"": 0, ""bicycle"": 0}",2,8,10,horizontal
371,14.8,22,22,47.71640000399202,20.957155190172323,,,43.22779999347404,"{""car"": 18, ""truck"": 4}",22,"{""car"": 18, ""truck"": 4}",2,8,0,0,0,0,22,"{""car"": 18, ""truck"": 4, ""bus"": 0, ""motorcycle"": 0, ""bicycle"": 0}",2,8,10,horizontal
372,14.84,23,23,43.13810000894591,23.1813640330154,,,38.30640000523999,"{""car"": 19, ""truck"": 4}",23,"{""car"": 19, ""truck"": 4}",2,8,0,0,0,0,23,"{""car"": 19, ""truck"": 4, ""bus"": 0, ""motorcycle"": 0, ""bicycle"": 0}",2,8,10,horizontal
373,14.88,22,22,38.59740000916645,25.908480875978984,,,34.056999953463674,"{""car"": 17, ""truck"": 4, ""bus"": 1}",22,"{""car"": 17, ""truck"": 4, ""bus"": 1}",2,8,0,0,0,0,22,"{""car"": 17, ""truck"": 4, ""bus"": 1, ""motorcycle"": 0, ""bicycle"": 0}",2,8,10,horizontal
374,14.92,22,22,40.40629998780787,24.748615941121518,,,36.14089998882264,"{""car"": 17, ""truck"": 4, ""bus"": 1}",22,"{""car"": 17, ""truck"": 4, ""bus"": 1}",2,8,0,0,0,0,22,"{""car"": 17, ""truck"": 4, ""bus"": 1, ""motorcycle"": 0, ""bicycle"": 0}",2,8,10,horizontal
375,14.96,21,21,38.42679999070242,26.023504435496985,,,34.29270000196993,"{""car"": 18, ""truck"": 2, ""bus"": 1}",21,"{""car"": 18, ""truck"": 2, ""bus"": 1}",2,8,0,0,0,0,21,"{""car"": 18, ""truck"": 2, ""bus"": 1, ""motorcycle"": 0, ""bicycle"": 0}",2,8,10,horizontal
376,15.0,24,24,37.527000007685274,26.647480475263325,,,33.64600002532825,"{""car"": 19, ""truck"": 4, ""bus"": 1}",24,"{""car"": 19, ""truck"": 4, ""bus"": 1}",2,8,0,0,0,0,24,"{""car"": 19, ""truck"": 4, ""bus"": 1, ""motorcycle"": 0, ""bicycle"": 0}",2,8,10,horizontal
377,15.04,22,22,36.7596999858506,27.203704066815455,,,33.0736999749206,"{""car"": 17, ""truck"": 4, ""bus"": 1}",22,"{""car"": 17, ""truck"": 4, ""bus"": 1}",2,8,0,0,0,0,22,"{""car"": 17, ""truck"": 4, ""bus"": 1, ""motorcycle"": 0, ""bicycle"": 0}",2,8,10,horizontal
378,15.08,22,22,38.984799990430474,25.651022969092264,,,34.588700043968856,"{""car"": 17, ""truck"": 5}",22,"{""car"": 17, ""truck"": 5}",2,8,0,0,0,0,22,"{""car"": 17, ""truck"": 5, ""bus"": 0, ""motorcycle"": 0, ""bicycle"": 0}",2,8,10,horizontal
379,15.12,22,22,38.787700003013015,25.78136883399429,,,33.969600044656545,"{""car"": 18, ""truck"": 4}",22,"{""car"": 18, ""truck"": 4}",2,8,0,0,0,0,22,"{""car"": 18, ""truck"": 4, ""bus"": 0, ""motorcycle"": 0, ""bicycle"": 0}",2,8,10,horizontal
380,15.16,22,22,36.75069997552782,27.210366079173916,,,33.19659997941926,"{""car"": 18, ""truck"": 4}",22,"{""car"": 18, ""truck"": 4}",2,8,0,0,0,0,22,"{""car"": 18, ""truck"": 4, ""bus"": 0, ""motorcycle"": 0, ""bicycle"": 0}",2,8,10,horizontal
381,15.2,22,22,39.269400003831834,25.46512042206965,,,34.58650002721697,"{""car"": 17, ""truck"": 5}",22,"{""car"": 17, ""truck"": 5}",2,8,0,0,0,0,22,"{""car"": 17, ""truck"": 5, ""bus"": 0, ""motorcycle"": 0, ""bicycle"": 0}",2,8,10,horizontal
382,15.24,23,23,39.61019997950643,25.246022502218647,,,34.612699993886054,"{""car"": 18, ""truck"": 5}",23,"{""car"": 18, ""truck"": 5}",2,8,0,0,0,0,23,"{""car"": 18, ""truck"": 5, ""bus"": 0, ""motorcycle"": 0, ""bicycle"": 0}",2,8,10,horizontal
